time,base_mean_relative_l2,base_q10,base_q90,lora_mean_relative_l2,lora_q10,lora_q90
0.000000000000000000e+00,2.766309734355506394e-02,2.578226802479337623e-02,3.008046270338223319e-02,6.758006419705536380e-03,5.746439757319840407e-03,7.719078376454509803e-03
9.784735812133071864e-02,2.426054334295476428e-02,2.253454665522853367e-02,2.625404687985891800e-02,6.142655657189914804e-03,5.091213330856474845e-03,7.273734581999741385e-03
1.956947162426614373e-01,2.325946320144061871e-02,2.152680038191905065e-02,2.491591230232824070e-02,6.059590493435933721e-03,4.994033171437999366e-03,7.214830306663169886e-03
2.935420743639921559e-01,2.258811227066106000e-02,2.090399061582999887e-02,2.418015348783744689e-02,6.059661855324137945e-03,4.984614980535224255e-03,7.228310970692741408e-03
3.913894324853228746e-01,2.209966043770184713e-02,2.051209757668411016e-02,2.379057438173253977e-02,6.111570804487240043e-03,5.025047848445499121e-03,7.288502208402151093e-03
4.892367906066535932e-01,2.174902668807846690e-02,2.029952857687801482e-02,2.353268582587072708e-02,6.205588106142361123e-03,5.103876628711770391e-03,7.387471475192064138e-03
5.870841487279843118e-01,2.151418789316095204e-02,2.021620825956689169e-02,2.339207290162787292e-02,6.335936942227539392e-03,5.214798763468836418e-03,7.520088225878453388e-03
6.849315068493150305e-01,2.138174174483905426e-02,2.014850458093103008e-02,2.307249003584469285e-02,6.497753126339038399e-03,5.352811515132894528e-03,7.682010808937599598e-03
7.827788649706457491e-01,2.134238099235732239e-02,2.018075489826589436e-02,2.286033034054896565e-02,6.686531802479506355e-03,5.513474348013931887e-03,7.869296276242632518e-03
8.806262230919764677e-01,2.138893073448453960e-02,2.036218629069753289e-02,2.323121806227726113e-02,6.898107587363834330e-03,5.684979483074824660e-03,8.135595064536168750e-03
9.784735812133071864e-01,2.151539103263205160e-02,2.045006568712587694e-02,2.366758140633326915e-02,7.128726239249027000e-03,5.814394240340005349e-03,8.544228235477329542e-03
1.076320939334638016e+00,2.171645815146210426e-02,2.066756624190951852e-02,2.416081500138899524e-02,7.375100455495720020e-03,5.966830846989562044e-03,8.972585675999806415e-03
1.174168297455968624e+00,2.198728313918116295e-02,2.058418228644782674e-02,2.470420211052590936e-02,7.634432264611799510e-03,6.199707856881506336e-03,9.413187399481784401e-03
1.272015655577299231e+00,2.232334422942910609e-02,2.032440980321051360e-02,2.529266407400570377e-02,7.904407723911368797e-03,6.445567621188926823e-03,9.859985403468302101e-03
1.369863013698630061e+00,2.272036985672016771e-02,2.013055926517795177e-02,2.592249251240484609e-02,8.183172892477627233e-03,6.702277664575944163e-03,1.030598236132419451e-02
1.467710371819960891e+00,2.317428214755263768e-02,2.025696969303347056e-02,2.659106954835782979e-02,8.469298000723705921e-03,6.967993626742657355e-03,1.071535263744913605e-02
1.565557729941291498e+00,2.368114878395609357e-02,2.052178294824130028e-02,2.729659523452799413e-02,8.761734031896100533e-03,7.203760577970545580e-03,1.113732567682097774e-02
1.663405088062622106e+00,2.423714047213604977e-02,2.085784258433284397e-02,2.803784266672806544e-02,9.059763836916144217e-03,7.443023619888746237e-03,1.157134669592887327e-02
1.761252446183952935e+00,2.483849548907132027e-02,2.125630894466871285e-02,2.881395538328185291e-02,9.362948666868176409e-03,7.686926953255867646e-03,1.201721589860766173e-02
1.859099804305283765e+00,2.548149406039400613e-02,2.170837072784960811e-02,2.962429310880588043e-02,9.671070630301471099e-03,7.935233037508917717e-03,1.247142510848427491e-02
1.956947162426614373e+00,2.616244498368084509e-02,2.220557096518314608e-02,3.046832401988372116e-02,9.984072005714864431e-03,8.187721318775736945e-03,1.287845133623993256e-02
2.054794520547944980e+00,2.687768580167584215e-02,2.274005882071610321e-02,3.134555636185048372e-02,1.030199340637228886e-02,8.444155723891441645e-03,1.327596550757534875e-02
2.152641878669276032e+00,2.762359642731681414e-02,2.330477401329964990e-02,3.225549988496352605e-02,1.062491417359093596e-02,8.704266182164244192e-03,1.366428904832364677e-02
2.250489236790606640e+00,2.839662464910358564e-02,2.389357132366768874e-02,3.319764763666657736e-02,1.095289954290615264e-02,8.967741974219147622e-03,1.404400866531224125e-02
2.348336594911937247e+00,2.919332054228408052e-02,2.450129124781766712e-02,3.417147014997123228e-02,1.128595948441182654e-02,9.234233994962356973e-03,1.441592728678007217e-02
2.446183953033267855e+00,3.001037568692704188e-02,2.512378106327855729e-02,3.517641608061347624e-02,1.162402322859581311e-02,9.503362870202822568e-03,1.478101559078176530e-02
2.544031311154598463e+00,3.084466254151992798e-02,2.575786953152258557e-02,3.621191528334211096e-02,1.196693134043179396e-02,9.774730167201879649e-03,1.514036278233749956e-02
2.641878669275929514e+00,3.169326959125401411e-02,2.640129870640503182e-02,3.727738195391232245e-02,1.231444430556782703e-02,1.004793051346882134e-02,1.549512651419798250e-02
2.739726027397260122e+00,3.255352901773873875e-02,2.705261784432136385e-02,3.837221678180492007e-02,1.266626379724541604e-02,1.032256310971185927e-02,1.584648299514603356e-02
2.837573385518590730e+00,3.342303534973579265e-02,2.771104678143965910e-02,3.949580807986464298e-02,1.302206093124496852e-02,1.059824175500874953e-02,1.619557921107784432e-02
2.935420743639921781e+00,3.429965534584782094e-02,2.837631866503845246e-02,4.064753254643223290e-02,1.338150534732078858e-02,1.087460301288556766e-02,1.654348964800248650e-02
3.033268101761252389e+00,3.518153068990321347e-02,2.904851384776728149e-02,4.182675660263210360e-02,1.374428983400276597e-02,1.115131250570307320e-02,1.689117988386886274e-02
3.131115459882582996e+00,3.606707560037931970e-02,2.972789746291007798e-02,4.303283910660181399e-02,1.411014700462604951e-02,1.142806953893545606e-02,1.736424421665696410e-02
3.228962818003913604e+00,3.695497114509781189e-02,3.041477238183489321e-02,4.426513575938980510e-02,1.447885665408952215e-02,1.170461035505315772e-02,1.794066358709602710e-02
3.326810176125244212e+00,3.784415720000733341e-02,3.110935697359962920e-02,4.552300486635040000e-02,1.485024436715174333e-02,1.198071033417193697e-02,1.851263839585199841e-02
3.424657534246575263e+00,3.873382205028503417e-02,3.181169374739558492e-02,4.680581351722545164e-02,1.522417338127017919e-02,1.225618542814631284e-02,1.907786662583295725e-02
3.522504892367905871e+00,3.962338902788877654e-02,3.252159118441976665e-02,4.811294286122373004e-02,1.560053249250115646e-02,1.253089306162830097e-02,1.963450857405463559e-02
3.620352250489236479e+00,4.051249954471262960e-02,3.323859751868085688e-02,4.944379104511207462e-02,1.597922294120384876e-02,1.280473267421471800e-02,2.018112082296244503e-02
3.718199608610567530e+00,4.140099238120178299e-02,3.396200243835148513e-02,5.079777252145398908e-02,1.636014682972751835e-02,1.307764602073951780e-02,2.071657795316620559e-02
3.816046966731898138e+00,4.228887985818022971e-02,3.469086094627617939e-02,5.217431273201524056e-02,1.674319886667131191e-02,1.334961729481935234e-02,2.123999489782919109e-02
3.913894324853228746e+00,4.317632216935783640e-02,3.542403297614184210e-02,5.357283752846703218e-02,1.712826228716974458e-02,1.362067309337242418e-02,2.175065930100292949e-02
4.011741682974559353e+00,4.406360134153985281e-02,3.616023263546133681e-02,5.499275703216370548e-02,1.751520884963257349e-02,1.389088219548982248e-02,2.224797982016531173e-02
4.109589041095889961e+00,4.495109586241096550e-02,3.689808184364855997e-02,5.639227768510340910e-02,1.790390201018186855e-02,1.416035508719818564e-02,2.273145336305372119e-02
4.207436399217220568e+00,4.583925606840442979e-02,3.763616433261018912e-02,5.761374080375052109e-02,1.829420182747986193e-02,1.442924312601496714e-02,2.320065187665737785e-02
4.305283757338552064e+00,4.672857923337497832e-02,3.837307720302891162e-02,5.883944122546280742e-02,1.868596989161847716e-02,1.469773721016202211e-02,2.365522746822344355e-02
4.403131115459882672e+00,4.761958235852666033e-02,3.910747828943599708e-02,6.006986245010659947e-02,1.907907258720364582e-02,1.496606580335258299e-02,2.409493322960652023e-02
4.500978473581213279e+00,4.851277029827557458e-02,3.983812837927128842e-02,6.130578477895635287e-02,1.947338124823558281e-02,1.523449217423148219e-02,2.451965605586577460e-02
4.598825831702543887e+00,4.940859724838005812e-02,4.056392783108227207e-02,6.254827278920729872e-02,1.986876819048370713e-02,1.550331074520186654e-02,2.492945693533995047e-02
4.696673189823874495e+00,5.030742071693306006e-02,4.128394737650113722e-02,6.379865048722986598e-02,2.026509817412055006e-02,1.577284250979931954e-02,2.532461363165410331e-02
4.794520547945205102e+00,5.120944862909028450e-02,4.199745293516144590e-02,6.505846299879800010e-02,2.066221552117090618e-02,1.604342956651589464e-02,2.570566041125479581e-02
4.892367906066535710e+00,5.211468180218668811e-02,4.270392420224216473e-02,6.632942342542690051e-02,2.105992784810912372e-02,1.631542891936421658e-02,2.607341954722289593e-02
4.990215264187866318e+00,5.302285531323487622e-02,4.340306666754086690e-02,6.761334364857529700e-02,2.145798811080615667e-02,1.658920579602450943e-02,2.642901979950449190e-02
5.088062622309196925e+00,5.393338306780302849e-02,4.409481666715526355e-02,6.891204853487988002e-02,2.185607730655232672e-02,1.686512681582278891e-02,2.677389795167679429e-02
5.185909980430528421e+00,5.484531020407098362e-02,4.477933911172068265e-02,7.022727428432459784e-02,2.225379062869637867e-02,1.714355338676222529e-02,2.710978074880879968e-02
5.283757338551859029e+00,5.575727807599238639e-02,4.545701771301746685e-02,7.156055358361113061e-02,2.265063002152752428e-02,1.742483571380154528e-02,2.774155384394225848e-02
5.381604696673189636e+00,5.666750678585095319e-02,4.612843784915911932e-02,7.291309265379114501e-02,2.304600586194761186e-02,1.770930775794312545e-02,2.856902798428822068e-02
5.479452054794520244e+00,5.757380080144158807e-02,4.679436264188011063e-02,7.428564790617002422e-02,2.343924986502831861e-02,1.799728340405837984e-02,2.941886913581709395e-02
5.577299412915850851e+00,5.847358403171802610e-02,4.745570331321222884e-02,7.567841225094720792e-02,2.382964027638980603e-02,1.828905398765318449e-02,3.029002986714773166e-02
5.675146771037181459e+00,5.936397140858631211e-02,4.811348536812602023e-02,7.709092253026987585e-02,2.421643901460644038e-02,1.858488721297163471e-02,3.118058476910242835e-02
5.772994129158512067e+00,6.024188377228195668e-02,4.876881253294185897e-02,7.852199949004820545e-02,2.459893874203910105e-02,1.888502738253037411e-02,3.208755424366643155e-02
5.870841487279843562e+00,6.110421079514131298e-02,4.942283059531207834e-02,7.996972979701003070e-02,2.497651601438320018e-02,1.918969676372982505e-02,3.300673472737514907e-02
5.968688845401174170e+00,6.194802208041377822e-02,5.007669329561165866e-02,8.143149586496395420e-02,2.534868491567572948e-02,1.949909784932659512e-02,3.393254727295720585e-02
6.066536203522504778e+00,6.277081921967739286e-02,5.073153220366275612e-02,8.290405414483308089e-02,2.571514425041679375e-02,1.981341622828511340e-02,3.485792069655342662e-02
6.164383561643835385e+00,6.357081207702205972e-02,5.138843210901339331e-02,8.438365690193606883e-02,2.607581083368765151e-02,2.013282377104012866e-02,3.577423007705857888e-02
6.262230919765165993e+00,6.434719247237580264e-02,5.204841291772301093e-02,8.586620736686827182e-02,2.643083209695883812e-02,2.045748184511409981e-02,3.667131570928273271e-02
6.360078277886496601e+00,6.510037024980869225e-02,5.271241845925603298e-02,8.734743442019983484e-02,2.678057342665031773e-02,2.078754430854149252e-02,3.753761080884490675e-02
6.457925636007827208e+00,6.583213337642919438e-02,5.338131203768306521e-02,8.882307124296937029e-02,2.712557948862755891e-02,2.112316007422539166e-02,3.836040715987926175e-02
6.555772994129157816e+00,6.654569774306733076e-02,5.405587807081021351e-02,9.028902277729029813e-02,2.746651405144476255e-02,2.102080314994152557e-02,3.912628500525250352e-02
6.653620352250488423e+00,6.724562473611314650e-02,5.473682878535041790e-02,9.174150912128835322e-02,2.780408881322597031e-02,2.083116729681927168e-02,3.982172517072445073e-02
6.751467710371819919e+00,6.793760401042343855e-02,5.542481468876360451e-02,9.317717557829924280e-02,2.813899714410681915e-02,2.067359986142189646e-02,4.043390621383142342e-02
6.849315068493150527e+00,6.862812122920404490e-02,5.612043741298718136e-02,9.459316433757265774e-02,2.847187152979297961e-02,2.056243768823158569e-02,4.095166646447542108e-02
6.947162426614481134e+00,6.932405024991269982e-02,5.682426350387531633e-02,9.598714707414859881e-02,2.880328167415897173e-02,2.050856719061333600e-02,4.136658061847901802e-02
7.045009784735811742e+00,7.003222104740530751e-02,5.718364087891956299e-02,9.735732163844949827e-02,2.913378230982297673e-02,2.051882461680600706e-02,4.167406541010811732e-02
7.142857142857142350e+00,7.075901569152218129e-02,5.733710266843972114e-02,9.870237912487951626e-02,2.946400646578352725e-02,2.059592062088469455e-02,4.187439352913692459e-02
7.240704500978472957e+00,7.151003554174703569e-02,5.751797097055212638e-02,1.000214497481278636e-01,2.979478462824141499e-02,2.073885637504107107e-02,4.197346641878585416e-02
7.338551859099803565e+00,7.228986705744328001e-02,5.774077683304166403e-02,1.013140369957592907e-01,3.012725803710418135e-02,2.094370038318895885e-02,4.198318367187875433e-02
7.436399217221135061e+00,7.310195599857863269e-02,5.801734463016139376e-02,1.025799494342718166e-01,3.046294992652336456e-02,2.120454239885681200e-02,4.192125860602658599e-02
7.534246575342465668e+00,7.394858432394876835e-02,5.835617944581938943e-02,1.038192383951444253e-01,3.080376388823902883e-02,2.151444436704367386e-02,4.181037379483677763e-02
7.632093933463796276e+00,7.483093303741231161e-02,5.876222442950770897e-02,1.050321477532751430e-01,3.115189257245744997e-02,2.186625492809091478e-02,4.167665007623747031e-02
7.729941291585126883e+00,7.574920814854724238e-02,5.923697300879457450e-02,1.062190794510377706e-01,3.150963923118715176e-02,2.225321791126523563e-02,4.154751330704568868e-02
7.827788649706457491e+00,7.670280530009283837e-02,5.977886765722441320e-02,1.073805757189062737e-01,3.187917475379480059e-02,2.266936287331547395e-02,4.144916897654982169e-02
7.925636007827788099e+00,7.769049049286395892e-02,6.038388607883297954e-02,1.085173165091793956e-01,3.226226923828091897e-02,2.310970444720558334e-02,4.140400678556436370e-02
8.023483365949118706e+00,7.871057856670531094e-02,6.104621020294266620e-02,1.096301288258192536e-01,3.266004546119918167e-02,2.357029541920689988e-02,4.142831772121167988e-02
8.121330724070450202e+00,7.976109650268563278e-02,6.175888869685863120e-02,1.107200035878599664e-01,3.307279879633142489e-02,2.404818092288954837e-02,4.153068198835729863e-02
8.219178082191779922e+00,8.083992411947002465e-02,6.251443090158700921e-02,1.117881154221745110e-01,3.349991402641878252e-02,2.454129457043333767e-02,4.171126867305272046e-02
8.317025440313111417e+00,8.194490950238379756e-02,6.330529987162476779e-02,1.128358412112193676e-01,3.393988798261800971e-02,2.504832729171450542e-02,4.196210616372032104e-02
8.414872798434441137e+00,8.307396002260380996e-02,6.412429758597812390e-02,1.138647740993034008e-01,3.439044508116860521e-02,2.556858965738503103e-02,4.226819574586102718e-02
8.512720156555772633e+00,8.422511192738812991e-02,6.496485274178845359e-02,1.148767307405686305e-01,3.484871768951634807e-02,2.610188024103921034e-02,4.260921133747666567e-02
8.610567514677104128e+00,8.539658235047607737e-02,6.582123011665667878e-02,1.158737506409314444e-01,3.531145852472680757e-02,2.664836661237612175e-02,4.296148868045982644e-02
8.708414872798433848e+00,8.658680752486189180e-02,6.668868149697064485e-02,1.168580873600181536e-01,3.577525692353666215e-02,2.720848166343983743e-02,4.330004830965655804e-02
8.806262230919765344e+00,8.779447036953687278e-02,6.756355378910774978e-02,1.178321920288783187e-01,3.623674053100185699e-02,2.778283569685624163e-02,4.360048018986065199e-02
8.904109589041095063e+00,8.901851984541742091e-02,6.844336262964624551e-02,1.187986901011816032e-01,3.669275395609455925e-02,2.837214355046298667e-02,4.384060176481314325e-02
9.001956947162426559e+00,9.025818383950383328e-02,6.932683199014871844e-02,1.197603525295495713e-01,3.714051308139524471e-02,2.897716556822860223e-02,4.400185781926217732e-02
9.099804305283756278e+00,9.151297703487998314e-02,7.021389404882970309e-02,1.214103273211607076e-01,3.757773703062829151e-02,2.959866113183976313e-02,4.407045267907414021e-02
9.197651663405087774e+00,9.278270531226187612e-02,7.110564061463968411e-02,1.241840913946196945e-01,3.800275995033707693e-02,3.023735352715309355e-02,4.403820066054309201e-02
9.295499021526417494e+00,9.406746860472718630e-02,7.200421856093645878e-02,1.270297070710734166e-01,3.841462308820930982e-02,3.089390501140847761e-02,4.390306392106011618e-02
9.393346379647748989e+00,9.536766453837366986e-02,7.291266701894517921e-02,1.299484834690816382e-01,3.881314542409354529e-02,3.156890101422182154e-02,4.366933254009600085e-02
9.491193737769080485e+00,9.668399528001023202e-02,7.383470238051505208e-02,1.329417285415781247e-01,3.919896916513442020e-02,3.200120796877391205e-02,4.427692650400522761e-02
9.589041095890410205e+00,9.801747941478171355e-02,7.477446641675185302e-02,1.360107333011888187e-01,3.957357509517207134e-02,3.219764590703744905e-02,4.494461761977386338e-02
9.686888454011741700e+00,9.936946916925758211e-02,7.573626052550753995e-02,1.391567618617726154e-01,3.993926207762789338e-02,3.238425799883747763e-02,4.559958299410693527e-02
9.784735812133071420e+00,1.007416709530308541e-01,7.672429302511502014e-02,1.423810483058220999e-01,4.029908488699156244e-02,3.256150921536535986e-02,4.624105232193796711e-02
9.882583170254402916e+00,1.021361644772229849e-01,7.774246524414783754e-02,1.456848009755733475e-01,4.065674511415226511e-02,3.273002913840910438e-02,4.686806946455676637e-02
9.980430528375732635e+00,1.035554134230900064e-01,7.879421606541595069e-02,1.490692142632472350e-01,4.101643162144280597e-02,3.289061000543612445e-02,4.747941629435844385e-02
1.007827788649706413e+01,1.050022596842621059e-01,7.988243508056906694e-02,1.525354873320822480e-01,4.138261065908998421e-02,3.304419841658939178e-02,4.807355102462246982e-02
1.017612524461839385e+01,1.064798942300429763e-01,8.100944394621856226e-02,1.560848484441442197e-01,4.175977200240057335e-02,3.319188085731509391e-02,4.864856498864728734e-02
1.027397260273972535e+01,1.079918006426317800e-01,8.167055550179974643e-02,1.597185827435383121e-01,4.215214644021916812e-02,3.333486375234805815e-02,4.920216041362036885e-02
1.037181996086105684e+01,1.095416716006660102e-01,8.135141119267703946e-02,1.634380605245556450e-01,4.256342047267402257e-02,3.347444929682352743e-02,4.973165025195806777e-02
1.046966731898238656e+01,1.111333026944321817e-01,8.098254771471390112e-02,1.672447623258468408e-01,4.299648322217287932e-02,3.361200873282107343e-02,5.023397976310112201e-02
1.056751467710371806e+01,1.127704706514048166e-01,8.057706453281934800e-02,1.711402967903233874e-01,4.345324393789144757e-02,3.374895498953839335e-02,5.070576844451372273e-02
1.066536203522504778e+01,1.144568036669728617e-01,8.014923612153240784e-02,1.751264072824082751e-01,4.393455198105231801e-02,3.388671664238977060e-02,5.114337022116727943e-02
1.076320939334637927e+01,1.161956504421218506e-01,7.971391985846668082e-02,1.792049638947778301e-01,4.444023384555716161e-02,3.402671496489650255e-02,5.154294959947593874e-02
1.086105675146770899e+01,1.179899529614007597e-01,7.928588852885037896e-02,1.833779387585016685e-01,4.496923781851382140e-02,3.417034547671345124e-02,5.190057180017039473e-02
1.095890410958904049e+01,1.198421274654160040e-01,7.887914093727442510e-02,1.876473644153121012e-01,4.551985471674161593e-02,3.475612572866453726e-02,5.221230567471057959e-02
1.105675146771037198e+01,1.217539594110519652e-01,7.850625251046967901e-02,1.920152771862483621e-01,4.608997105456175830e-02,3.561099340381088801e-02,5.247433940120518892e-02
1.115459882583170170e+01,1.237265213733664132e-01,7.817782789264988985e-02,1.964836496124735543e-01,4.667731260832573559e-02,3.603396236952214476e-02,5.268311042731258637e-02
1.125244618395303320e+01,1.257601266996102862e-01,7.790210810410271025e-02,2.010543177303870943e-01,4.727964905432376769e-02,3.620710125487858200e-02,5.283545272614257465e-02
1.135029354207436292e+01,1.278543345051944002e-01,7.768476657065531699e-02,2.057289098117306703e-01,4.789494770296109233e-02,3.640030092868220407e-02,5.397514695737149620e-02
1.144814090019569441e+01,1.300080213872135682e-01,7.752890410991158943e-02,2.105087830641181323e-01,4.852147980289155116e-02,3.660921845383523915e-02,5.518740917069941965e-02
1.154598825831702413e+01,1.322195303827158885e-01,7.743522727920254534e-02,2.153949737104130513e-01,4.915789247221619834e-02,3.683048947336143436e-02,5.643300890377529744e-02
1.164383561643835563e+01,1.344868971983239903e-01,7.740237233981300813e-02,2.203881641467757835e-01,4.980326211993368196e-02,3.706158734835419966e-02,5.771367700011498930e-02
1.174168297455968712e+01,1.368081376463275434e-01,7.742732259097406811e-02,2.254886689621552476e-01,5.045714249257234052e-02,3.730066906516961434e-02,5.903128738074949616e-02
1.183953033268101684e+01,1.391815603722642569e-01,7.763197328587446988e-02,2.306964399279780309e-01,5.111961438839670441e-02,3.754642502597700660e-02,6.038786087266023728e-02
1.193737769080234834e+01,1.416060496636212251e-01,7.967003289962379387e-02,2.360110889382328603e-01,5.179133681840993042e-02,3.779794296586098251e-02,6.178556751931771340e-02
1.203522504892367806e+01,1.440812512197048589e-01,8.177553828670487690e-02,2.414319273821788348e-01,5.247359271191176511e-02,3.805459116375002615e-02,6.322672687289478122e-02
1.213307240704500956e+01,1.466075970502168091e-01,8.394379860053839681e-02,2.469580204352876951e-01,5.316831731990528942e-02,3.831592266055603574e-02,6.471380589567179986e-02
1.223091976516633927e+01,1.491861294781746672e-01,8.616831088247955961e-02,2.525882549870083760e-01,5.387809482072493383e-02,3.858160004259480330e-02,6.624941426013038204e-02
1.232876712328767077e+01,1.518181270851885478e-01,8.844047619582041941e-02,2.583214200774863190e-01,5.460610830538733390e-02,3.885133914699961249e-02,6.783629699502259636e-02
1.242661448140900049e+01,1.545045866922426236e-01,9.074931054596001301e-02,2.641562985424885102e-01,5.535602995025837997e-02,3.912486949563498406e-02,6.947732454418430181e-02
1.252446183953033199e+01,1.572456576801001538e-01,9.308116660327729608e-02,2.700917679479056255e-01,5.613184135694857663e-02,3.940190912557350877e-02,7.117548036273457779e-02
1.262230919765166348e+01,1.600401415460572518e-01,9.541948694641885775e-02,2.761269078648867503e-01,5.693757891167709750e-02,3.968215158129850817e-02,7.293384616156500799e-02
1.272015655577299320e+01,1.628851538436946467e-01,9.774461513122044420e-02,2.822611092603877214e-01,5.777700688742768570e-02,3.996526304389909356e-02,7.475558482724499465e-02
1.281800391389432470e+01,1.657760048222119975e-01,1.000336975649470661e-01,2.884941805096227774e-01,5.865323394003243290e-02,4.025088781547125905e-02,7.664392089976394817e-02
1.291585127201565442e+01,1.687063062490668786e-01,1.022607167701741065e-01,2.948264435554420193e-01,5.956830734694357199e-02,4.053866060548320244e-02,7.860211829676845563e-02
1.301369863013698591e+01,1.716682722735466127e-01,1.043967044027250685e-01,3.012588132836684918e-01,6.052284009086881383e-02,4.082822425846839576e-02,8.063345474123370660e-02
1.311154598825831563e+01,1.746531608268294400e-01,1.064101887742973096e-01,3.077928533962341895e-01,6.151573937110617341e-02,4.111925171720239719e-02,8.274119208845084894e-02
1.320939334637964713e+01,1.776517980123831497e-01,1.082679341240854048e-01,3.144308029596135090e-01,6.254410014762437631e-02,4.141147114307621585e-02,8.492854146427529505e-02
1.330724070450097685e+01,1.806551343278898769e-01,1.099360241495383333e-01,3.211755692641886650e-01,6.360329882624851661e-02,4.170469322900132586e-02,8.719862182621236635e-02
1.340508806262230834e+01,1.836547911209159556e-01,1.113813265811101211e-01,3.280306844207961925e-01,6.468727737939726496e-02,4.199883984433782497e-02,8.955441025172491964e-02
1.350293542074363984e+01,1.866435640821900166e-01,1.125733454710114989e-01,3.350002249532462728e-01,6.578896426756145055e-02,4.229397323198268860e-02,9.199868196092693406e-02
1.360078277886496956e+01,1.896158566058333550e-01,1.134864214743456223e-01,3.420886952301060990e-01,6.690075258643102263e-02,4.259032500008744920e-02,9.453393782174329685e-02
1.369863013698630105e+01,1.925680199793680936e-01,1.141021786797327131e-01,3.493008766844666324e-01,6.801495519846453841e-02,4.288832406881630532e-02,9.716231690859862546e-02
1.379647749510763077e+01,1.954985804670898719e-01,1.144120444445012180e-01,3.566416452673819570e-01,6.912417670765283462e-02,4.318862250999421643e-02,9.988549165441662492e-02
1.389432485322896227e+01,1.984083361187023165e-01,1.144195957453019857e-01,3.641157594611117432e-01,7.022157203037338036e-02,4.349211785380511369e-02,1.027045433370343402e-01
1.399217221135029199e+01,2.013003091721235760e-01,1.141424255279244876e-01,3.717276205519176591e-01,7.130099035509009087e-02,4.379996998564519850e-02,1.056198161868955876e-01
1.409001956947162348e+01,2.041795439261499534e-01,1.136131919199270951e-01,3.794810059358363352e-01,7.235702485565360942e-02,4.411361032702687535e-02,1.086307494287638148e-01
1.418786692759295498e+01,2.070527458070585691e-01,1.128795286953748755e-01,3.873787752796107320e-01,7.338500027009305093e-02,4.443474073169606520e-02,1.117356882293746856e-01
1.428571428571428470e+01,2.099277660006955704e-01,1.120025708705490591e-01,3.954225486978067972e-01,7.438093287379402008e-02,4.476531957627625374e-02,1.149316769715431619e-01
1.438356164383561620e+01,2.128129483069452765e-01,1.110539919354911476e-01,4.036123560685211942e-01,7.534149242544702085e-02,4.510753298895434082e-02,1.182142416457061251e-01
1.448140900195694591e+01,2.157163711364345482e-01,1.101116549400739941e-01,4.119462575285947059e-01,7.626398597767250487e-02,4.546375007551892861e-02,1.215771725086663979e-01
1.457925636007827741e+01,2.186450369714948716e-01,1.092542274844681138e-01,4.204199373886811641e-01,7.714637193066421761e-02,4.583646232057535935e-02,1.250123234458827559e-01
1.467710371819960713e+01,2.216040812406367411e-01,1.085553573271064859e-01,4.290262774839883053e-01,7.798730220434577087e-02,4.622820893120688224e-02,1.285094504216246769e-01
1.477495107632093863e+01,2.245960869108483970e-01,1.080781853298968254e-01,4.377549215601718169e-01,7.878618316636085139e-02,4.664149155132880920e-02,1.320561174481896527e-01
1.487279843444227012e+01,2.276205930604104366e-01,1.078710118714860527e-01,4.465918497936249287e-01,7.954324304296200854e-02,4.707868326765075884e-02,1.356377037077397540e-01
1.497064579256359984e+01,2.306738695836833275e-01,1.079647805310120362e-01,4.555189918479913835e-01,8.025959442692547074e-02,4.754193791067375108e-02,1.392375484447272993e-01
1.506849315068493134e+01,2.337489959125861605e-01,1.083727080091828471e-01,4.645139175066063109e-01,8.093728319981904895e-02,4.803310613008928559e-02,1.428372692420614432e-01
1.516634050880626106e+01,2.368362369178455273e-01,1.090919582619293698e-01,4.680760402187998936e-01,8.157931712993352069e-02,4.855366449169128129e-02,1.464172823029039339e-01
1.526418786692759255e+01,2.399236670104366864e-01,1.101068677068152701e-01,4.688792975649051509e-01,8.218966684220904706e-02,4.910466293194501453e-02,1.499575385301832042e-01
1.536203522504892227e+01,2.429979658430102829e-01,1.113929992011255532e-01,4.696530500174330158e-01,8.277322934631779761e-02,4.968669448328576210e-02,1.534384654260562975e-01
1.545988258317025377e+01,2.460453007439361850e-01,1.129212847185582652e-01,4.704200141630006660e-01,8.333574344779906551e-02,5.029988951432571437e-02,1.568420725815387329e-01
1.555772994129158349e+01,2.490522185128231369e-01,1.146616732410049994e-01,4.712030751488079927e-01,8.388365259517752137e-02,5.094393510289918492e-02,1.601531406701575400e-01
1.565557729941291498e+01,2.520064841814143586e-01,1.165859421446110711e-01,4.720252449076388079e-01,8.442392734872175564e-02,5.161811879261397895e-02,1.633603762926703618e-01
1.575342465753424648e+01,2.548978191568554985e-01,1.186695671533817692e-01,4.729095687852648000e-01,8.496388212946924534e-02,5.167413677047820453e-02,1.664573865184501011e-01
1.585127201565557620e+01,2.577185021385401398e-01,1.208927212397236800e-01,4.738789840915123563e-01,8.551103412720012509e-02,5.146890254922276836e-02,1.694433178455326539e-01
1.594911937377690769e+01,2.604638037796249139e-01,1.232405703201228525e-01,4.749561401169342667e-01,8.607303804591523444e-02,5.050756917653689837e-02,1.723230236388814118e-01
1.604696673189823741e+01,2.631322329446856290e-01,1.257030647203376261e-01,4.761631950885480413e-01,8.665768494444830994e-02,4.982903387628773856e-02,1.751066759979038601e-01
1.614481409001956891e+01,2.657255813381974585e-01,1.282744128474323508e-01,4.775216103103442911e-01,8.727289947659702674e-02,4.945219360849406609e-02,1.778088180576681554e-01
1.624266144814090040e+01,2.682487655466115339e-01,1.309523892043964466e-01,4.790519639642462080e-01,8.792664486284915148e-02,4.970062852473453724e-02,1.804469466788559684e-01
1.634050880626222835e+01,2.707094804902056007e-01,1.337375886015289006e-01,4.807738053631254727e-01,8.862667104394059137e-02,5.033827396610100757e-02,1.830398014661810402e-01
1.643835616438355984e+01,2.731176935939279571e-01,1.366327012227414317e-01,4.827055640075944565e-01,8.938010646115190916e-02,5.095904814544030548e-02,1.856055907017903905e-01
1.653620352250489134e+01,2.754850215494763499e-01,1.396418530098453015e-01,4.848645168626283253e-01,9.019296218312110314e-02,5.106033271604101115e-02,1.881603912405542534e-01
1.663405088062622283e+01,2.778240386611638413e-01,1.426095715104502559e-01,4.872668035731916314e-01,9.106965613513451352e-02,5.122739189887192540e-02,1.907169139993849516e-01
1.673189823874755433e+01,2.801475662953047396e-01,1.454904133259114218e-01,4.899274659922007169e-01,9.201266264781358950e-02,5.145424717790416519e-02,1.932837409324962286e-01
1.682974559686888227e+01,2.824679878306984859e-01,1.484124970028741219e-01,4.928604791869598545e-01,9.302235609998726895e-02,5.173468980742379486e-02,1.958650364140185896e-01
1.692759295499021377e+01,2.847966253963526984e-01,1.514715572587390646e-01,4.960787393028285863e-01,9.409706525678485090e-02,5.206248104085763745e-02,1.984606424107977218e-01
1.702544031311154527e+01,2.871432067408344890e-01,1.546736127196992605e-01,4.995939808129867821e-01,9.523330588251821549e-02,5.243143721959915571e-02,2.010664041490005383e-01
1.712328767123287676e+01,2.895154450117105038e-01,1.580244259613916291e-01,5.034166107282249669e-01,9.642612659754670745e-02,5.286550003269899212e-02,2.036745514173852190e-01
1.722113502935420826e+01,2.919187513959696223e-01,1.615295836907310600e-01,5.075554667555156607e-01,9.766949187966447732e-02,5.343510560897828804e-02,2.062739783403198246e-01
1.731898238747553620e+01,2.943560991372615177e-01,1.633258866798030506e-01,5.120175251878967826e-01,9.895663435592785828e-02,5.401468205395972000e-02,2.088503110358143899e-01
1.741682974559686770e+01,2.968280553318283221e-01,1.641523691925373674e-01,5.168075976245642966e-01,1.002803294361920283e-01,5.460312596972795307e-02,2.113857150261541640e-01
1.751467710371819919e+01,2.993329924675124376e-01,1.649924690959049534e-01,5.219280602914857514e-01,1.016330713128655167e-01,5.519987446995558433e-02,2.138584620095224098e-01
1.761252446183953069e+01,3.018674843096642024e-01,1.658457676863396013e-01,5.273786551792459809e-01,1.030071544383760057e-01,5.580456689509916829e-02,2.162423429041674672e-01
1.771037181996085863e+01,3.044268807015998446e-01,1.667122887109885043e-01,5.331563903831837425e-01,1.043946854646152084e-01,5.641681068132704813e-02,2.185060793900313048e-01
1.780821917808219013e+01,3.070060434829159357e-01,1.675925046679722363e-01,5.392555514976034026e-01,1.057875661797778727e-01,5.703603322788261543e-02,2.206129491291771993e-01
1.790606653620352162e+01,3.096002107925223679e-01,1.684873245405153208e-01,5.456678205961943418e-01,1.071774981765610535e-01,5.766140449145707586e-02,2.225208972621428860e-01
1.800391389432485312e+01,3.122059386149397264e-01,1.693980668757050223e-01,5.523824873150622317e-01,1.085560646627099224e-01,5.829181790573267907e-02,2.241834489839459321e-01
1.810176125244618461e+01,3.148220457967683128e-01,1.703264205892101313e-01,5.593867294319400107e-01,1.099149428549221347e-01,5.892591938741398305e-02,2.255517468299773898e-01
1.819960861056751256e+01,3.174504627883590890e-01,1.712743941947261761e-01,5.666659381067977730e-01,1.112462895343894476e-01,5.956217521272463844e-02,2.265779860254220901e-01
1.829745596868884405e+01,3.200968592030407067e-01,1.722442526427208076e-01,5.742040644251609205e-01,1.125433198183047878e-01,6.019896925131548726e-02,2.272203836281936895e-01
1.839530332681017555e+01,3.227709093716024102e-01,1.732384398247887591e-01,5.819839673515098122e-01,1.138010630440311893e-01,6.083471856860214744e-02,2.274495709295961121e-01
1.849315068493150704e+01,3.254860606638187437e-01,1.742594842352374607e-01,5.899877471268371032e-01,1.150172305009631302e-01,6.146799429058407566e-02,2.272559421946158953e-01
1.859099804305283499e+01,3.282587096663142079e-01,1.753098854712694388e-01,5.981970517213928140e-01,1.161930726552950210e-01,6.209763280811504693e-02,2.266570583278833817e-01
1.868884540117416648e+01,3.311067746925034361e-01,1.763919804146279469e-01,6.065933472630672396e-01,1.173340493044351673e-01,6.272282207217945438e-02,2.257037677437623013e-01
1.878669275929549798e+01,3.340477750547382607e-01,1.775077902647466677e-01,6.151581471046604355e-01,1.184501014263608099e-01,6.334314998750960324e-02,2.244833932657135656e-01
1.888454011741682947e+01,3.370966640769221256e-01,1.786588531261533164e-01,6.238731990596722010e-01,1.195553191388696035e-01,6.395860724247311169e-02,2.231183084637418657e-01
1.898238747553816097e+01,3.402637714572951388e-01,1.798460512658645871e-01,6.327206363137429790e-01,1.206668665339833135e-01,6.456954477233256551e-02,2.217586654328718154e-01
1.908023483365948891e+01,3.435532439176396391e-01,1.810694465105399664e-01,6.416831035171836062e-01,1.218031623728393631e-01,6.508388310758474182e-02,2.205690571161053881e-01
1.917808219178082041e+01,3.469623024301315972e-01,1.823281398267947162e-01,6.507438736106351262e-01,1.229815140710357468e-01,6.554385569495049801e-02,2.197104447852530340e-01
1.927592954990215190e+01,3.504814696357768655e-01,1.834747661607584734e-01,6.598869709080752433e-01,1.242156128685531630e-01,6.599651720220019169e-02,2.193203946771718760e-01
1.937377690802348340e+01,3.540957111719368888e-01,1.825101555708739665e-01,6.690973105373368979e-01,1.255134359550115764e-01,6.643458528428168586e-02,2.194958631071778077e-01
1.947162426614481134e+01,3.577862449317160132e-01,1.818253408894658918e-01,6.783608537448485576e-01,1.268760770444951891e-01,6.684964885979899352e-02,2.202826914678342463e-01
1.956947162426614284e+01,3.615326548479375068e-01,1.813994564691645828e-01,6.876647648126165135e-01,1.282978060775477880e-01,6.723262458529070951e-02,2.216743066536437934e-01
1.966731898238747434e+01,3.653149211800864049e-01,1.811975407597434529e-01,6.884154693640883727e-01,1.297673089347230468e-01,6.757442195143564811e-02,2.236194030442305580e-01
1.976516634050880583e+01,3.691150378001687438e-01,1.811778590572825642e-01,6.858277465268237671e-01,1.312697277533929896e-01,6.786678344558841336e-02,2.260358195460384634e-01
1.986301369863013733e+01,3.729180020804332973e-01,1.812980944977829745e-01,6.831472043868349608e-01,1.327889518905652488e-01,6.810323423561451261e-02,2.288265455054933617e-01
1.996086105675146527e+01,3.767121043304426653e-01,1.815197583332826825e-01,6.804454530177911353e-01,1.343096457166136071e-01,6.828004529660616773e-02,2.318941214953334773e-01
2.005870841487279677e+01,3.804885830055840801e-01,1.818106847674721416e-01,6.856352711053242954e-01,1.358186848563669724e-01,6.839708940603431153e-02,2.351511184200794635e-01
2.015655577299412826e+01,3.842408234023616531e-01,1.821458660895386994e-01,6.975356604181500719e-01,1.373059021296718363e-01,6.845845704716227442e-02,2.385260212103046396e-01
2.025440313111545976e+01,3.879633396747298457e-01,1.825071005138052538e-01,7.091570709043149012e-01,1.387642298278813913e-01,6.847270580056762090e-02,2.419650716609160201e-01
2.035225048923678770e+01,3.916507811826328567e-01,1.828819744813530435e-01,7.204568187963843462e-01,1.401894239135793030e-01,6.845264784379527512e-02,2.454312247258858826e-01
2.045009784735811920e+01,3.952971497630761166e-01,1.832626251608078516e-01,7.313908415104951599e-01,1.415795688875555736e-01,6.841463718636434099e-02,2.489014489054450496e-01
2.054794520547945069e+01,3.988953273709703873e-01,1.836445860882525705e-01,7.419144941758228917e-01,1.429345164326694118e-01,6.837739583031073043e-02,2.523633778595668620e-01
2.064579256360078219e+01,4.024369248832437296e-01,1.840258669316874318e-01,7.519836970410693766e-01,1.442553431733502867e-01,6.836050263708175201e-02,2.558119972043331747e-01
2.074363992172211368e+01,4.059123980482343685e-01,1.844062984965949836e-01,7.615563284727716598e-01,1.455438552871615998e-01,6.838274037071127853e-02,2.592467515038245351e-01
2.084148727984344163e+01,4.093113454297538922e-01,1.847871031596647062e-01,7.705937158768544348e-01,1.468021383229341503e-01,6.846053410753211166e-02,2.626692340784205215e-01
2.093933463796477312e+01,4.126229006221904250e-01,1.851706241811192089e-01,7.790620621276056479e-01,1.480321502083391527e-01,6.860670343500281654e-02,2.660814822798920898e-01
2.103718199608610462e+01,4.158361450379065571e-01,1.855601489256999415e-01,7.869336582228616539e-01,1.492353722479099198e-01,6.882969064572014295e-02,2.694848270411510649e-01
2.113502935420743611e+01,4.189404877415007777e-01,1.859597748497938130e-01,7.941877682593665444e-01,1.504125512028375855e-01,6.913333246694741696e-02,2.728792156067544328e-01
2.123287671232876761e+01,4.219259796767079740e-01,1.863742829320847727e-01,8.008111211947032126e-01,1.515635731353001947e-01,6.951714018255315819e-02,2.762629207416074095e-01
2.133072407045009555e+01,4.247835494724631067e-01,1.868089970194703187e-01,8.067979951081308831e-01,1.526875012136012510e-01,6.997697015683057575e-02,2.796325543840486039e-01
2.142857142857142705e+01,4.275051659838674523e-01,1.872696189814377632e-01,8.121499251455516211e-01,1.537827861600395418e-01,7.050592250274191619e-02,2.829833104423671308e-01
2.152641878669275854e+01,4.300839472283004561e-01,1.877620392167516084e-01,8.168751003309112635e-01,1.548476250841125945e-01,7.109530391568864849e-02,2.863093667127540876e-01
2.162426614481409004e+01,4.325142442583164160e-01,1.882921300261821418e-01,8.209875345934867230e-01,1.558804102439957651e-01,7.173552211419534363e-02,2.896043794209203215e-01
2.172211350293541798e+01,4.347917301373466215e-01,1.888655350571574187e-01,8.245061041972829852e-01,1.568801826895141749e-01,7.241682758637750517e-02,2.928620071422714521e-01
2.181996086105674948e+01,4.369135183049268067e-01,1.894874706642376005e-01,8.274535396042581592e-01,1.578469945181440459e-01,7.312986753047395760e-02,2.960764058756306660e-01
2.191780821917808098e+01,4.388783225210241001e-01,1.901625542418397263e-01,8.298554477419652908e-01,1.587820926363496254e-01,7.386605622565686757e-02,2.992426454700106708e-01
2.201565557729941247e+01,4.406866546813924534e-01,1.906504015533992125e-01,8.317394236828745679e-01,1.596878674916975549e-01,7.444350623203151163e-02,3.023570100347873213e-01
2.211350293542074397e+01,4.423410401053614049e-01,1.891272569961008343e-01,8.331342914052846105e-01,1.605675583759587632e-01,7.476834444318457285e-02,3.054171607180173886e-01
2.221135029354207191e+01,4.438462155726311531e-01,1.876368770132189057e-01,8.340694936375981916e-01,1.614247633340530619e-01,7.512995346571181565e-02,3.084221565091574968e-01
2.230919765166340341e+01,4.452092663682375440e-01,1.862069664164129335e-01,8.345746325342592309e-01,1.622628523684736535e-01,7.551398650403048918e-02,3.113723450939986370e-01
2.240704500978473490e+01,4.464396571612693210e-01,1.848642440698936851e-01,8.346791476890016437e-01,1.630844117069249477e-01,7.590832841654303331e-02,3.142691489294188734e-01
2.250489236790606640e+01,4.475491187341945620e-01,1.836342007015098476e-01,8.344121071549681634e-01,1.638908429181080151e-01,7.630322195228725346e-02,3.171147800054113786e-01
2.260273972602739434e+01,4.485513677005070754e-01,1.825409465934405562e-01,8.338020816490925302e-01,1.646822029468282267e-01,7.669121917257115673e-02,3.199119197008030713e-01
2.270058708414872584e+01,4.494616568754707941e-01,1.816071532076025674e-01,8.328770721286540279e-01,1.654573120205959369e-01,7.706700923671962189e-02,3.226633982733237982e-01
2.279843444227005733e+01,4.502961761111176631e-01,1.808540547337541826e-01,8.316644656478288100e-01,1.662140960142329538e-01,7.742716078105779665e-02,3.253719031608392487e-01
2.289628180039138883e+01,4.510713432559560476e-01,1.803014361481956596e-01,8.301910022024266977e-01,1.669500863639549193e-01,7.776980745443272391e-02,3.280397379907188937e-01
2.299412915851272032e+01,4.518030396314158814e-01,1.799675062407569137e-01,8.284827440833056889e-01,1.676629822106460721e-01,7.809430122276092567e-02,3.306686464221482158e-01
2.309197651663404827e+01,4.525058529729578671e-01,1.798685488222168394e-01,8.265650470939104322e-01,1.683511833262749946e-01,7.840085974917164469e-02,3.332597076804280078e-01
2.318982387475537976e+01,4.531923935638574319e-01,1.800182705941225370e-01,8.244625383709331956e-01,1.690142194900461914e-01,7.869023921311764369e-02,3.358133043896477932e-01
2.328767123287671126e+01,4.538727470378293161e-01,1.804268205695137295e-01,8.221991077354238175e-01,1.696530233121281428e-01,7.896346842477526551e-02,3.383291581731657782e-01
2.338551859099804275e+01,4.545541199506272778e-01,1.810995347824963519e-01,8.197979184644911266e-01,1.702700142479656731e-01,7.922167945521356447e-02,3.408064243360177659e-01
2.348336594911937425e+01,4.552407204516176198e-01,1.820355431146460090e-01,8.172814396413826676e-01,1.708689819979895552e-01,7.946606051232139867e-02,3.432438335774817828e-01
2.358121330724070219e+01,4.559338947301013745e-01,1.832264381758338945e-01,8.146714967375837668e-01,1.714547809628119701e-01,7.969793722625066745e-02,3.456398660008281887e-01
2.367906066536203369e+01,4.566325104917517419e-01,1.846552267446198714e-01,8.119893310101753414e-01,1.720328762476311113e-01,7.991896137226614516e-02,3.479929407637081251e-01
2.377690802348336518e+01,4.573335448983460449e-01,1.862957513149282596e-01,8.092556530739350995e-01,1.726088130253636277e-01,8.013135763088044539e-02,3.503016038185157721e-01
2.387475538160469668e+01,4.580328029891947983e-01,1.881126909993679486e-01,8.064906731213973279e-01,1.731877051957692315e-01,8.033815778998892876e-02,3.525646967401842025e-01
2.397260273972602462e+01,4.587256721637856249e-01,1.900621549312542513e-01,8.037140910043425457e-01,1.737738431235575365e-01,8.054334582076180804e-02,3.547814920429303576e-01
2.407045009784735612e+01,4.594078161134124150e-01,1.920928048379662856e-01,8.009450344047971404e-01,1.743704953738617336e-01,8.075185088857664284e-02,3.569517848589343623e-01
2.416829745596868761e+01,4.600757305101829675e-01,1.941474180775748792e-01,7.982019421568710138e-01,1.749799297976893375e-01,8.096935720911004053e-02,3.590759371884086892e-01
2.426614481409001911e+01,4.607271194799745229e-01,1.961648382302725035e-01,7.955024006516949742e-01,1.756036221468162128e-01,8.120194229144547804e-02,3.611548783815028418e-01
2.436399217221135061e+01,4.613610972515960751e-01,1.980823383490382672e-01,7.928629513350757829e-01,1.762425771445508826e-01,8.145559694622975244e-02,3.631900728125865285e-01
2.446183953033267855e+01,4.619782607668670993e-01,1.998384975980499745e-01,7.902988935417983862e-01,1.768976715032760660e-01,8.173570942758419389e-02,3.651834713208081395e-01
2.455968688845401005e+01,4.625807039551187438e-01,2.013767086918370197e-01,7.878241071640462723e-01,1.775699406256658619e-01,8.204660391064211300e-02,3.671374655237184537e-01
2.465753424657534154e+01,4.631720442088550493e-01,2.026493432439512299e-01,7.854509136240744871e-01,1.782607595381482390e-01,8.239120866845421609e-02,3.690548627576359375e-01
2.475538160469667304e+01,4.637575046244754029e-01,2.036223878511353724e-01,7.831899830919435423e-01,1.789719003190497482e-01,8.277089756487644723e-02,3.709388942458812233e-01
2.485322896281800098e+01,4.643440484694634773e-01,2.042800581196738408e-01,7.810502841139891350e-01,1.797054736710838041e-01,8.318551042357803793e-02,3.727932611522284945e-01
2.495107632093933248e+01,4.649405095885891792e-01,2.046285894557039187e-01,7.790390623543778092e-01,1.804637785149798834e-01,8.363352466157214504e-02,3.746222141069906475e-01
2.504892367906066397e+01,4.655576232204883813e-01,2.046982218899551786e-01,7.771618306456116176e-01,1.812490920114440685e-01,8.411233004742638131e-02,3.764306534634068169e-01
2.514677103718199191e+01,4.662078541265463616e-01,2.045424716762777873e-01,7.754223539648813501e-01,1.820634358121690499e-01,8.461855283484630286e-02,3.782242315450765058e-01
2.524461839530332696e+01,4.669049530577750740e-01,2.042341865820168356e-01,7.738226194960391435e-01,1.829083542160732656e-01,8.514838212131450867e-02,3.800094354607821412e-01
2.534246575342465846e+01,4.676632440161466731e-01,2.038585716688953442e-01,7.723627914713835363e-01,1.837847366623035772e-01,8.569786467069484548e-02,3.817936299295824898e-01
2.544031311154598640e+01,4.684967326820273503e-01,2.035041687736827698e-01,7.710411602860868241e-01,1.846927106168892718e-01,8.626314912612671748e-02,3.835850435410576020e-01
2.553816046966731435e+01,4.694181986301924070e-01,2.032534019112176848e-01,7.698541028462512203e-01,1.856316218464665879e-01,8.684067275657778029e-02,3.853926880555633705e-01
2.563600782778864939e+01,4.704384594784406515e-01,2.031745008918726947e-01,7.687960743515507289e-01,1.866001084299276358e-01,8.742729209963102932e-02,3.872262075656595082e-01
2.573385518590998089e+01,4.715659590645312482e-01,2.033162697243218187e-01,7.678596498629948197e-01,1.875962639790554332e-01,8.851690271717381486e-02,3.890956614152734083e-01
2.583170254403130883e+01,4.728067448562506270e-01,2.037063834643124682e-01,7.670356273509770784e-01,1.886178753971358701e-01,8.992925304384309648e-02,3.910112507072512900e-01
2.592954990215263678e+01,4.741647946142973358e-01,2.043529745642108097e-01,7.663131937906850766e-01,1.896627114754432797e-01,9.145982464092020092e-02,3.929830023429829455e-01
2.602739726027397182e+01,4.756425670921120563e-01,2.052485465864471725e-01,7.656801443557044173e-01,1.907288307907472613e-01,9.310747859500845269e-02,3.950204265555024574e-01
2.612524461839530332e+01,4.772416117166954352e-01,2.063749429211886033e-01,7.651231342451937367e-01,1.918148710913957777e-01,9.487103285342660119e-02,3.971321639650312041e-01
2.622309197651663126e+01,4.789630813458543024e-01,2.077082091896240712e-01,7.646279353377283261e-01,1.929202787256546203e-01,9.674936171136921947e-02,3.993256368051925076e-01
2.632093933463795921e+01,4.808080363681595526e-01,2.092225671341699511e-01,7.641796671755827219e-01,1.940454374014962124e-01,9.874135099742577248e-02,4.016067168671645926e-01
2.641878669275929425e+01,4.827774876507994750e-01,2.108931634230206686e-01,7.637629742273275291e-01,1.951916624670755884e-01,1.008457224958581450e-01,4.039794206705235036e-01
2.651663405088062575e+01,4.848721839727021532e-01,2.126976175162132165e-01,7.633621283844469474e-01,1.963610409821334724e-01,1.030607480844475260e-01,4.064456410561573252e-01
2.661448140900195369e+01,4.870921974122167097e-01,2.146166052261364587e-01,7.629610458140517748e-01,1.975561186027809391e-01,1.053838768478193855e-01,4.090049242109982663e-01
2.671232876712328164e+01,4.894363934715942333e-01,2.166337879970052227e-01,7.625432187808408591e-01,1.987794593318463199e-01,1.078112987535353728e-01,4.116543021397744972e-01
2.681017612524461668e+01,4.919018891239252400e-01,2.187353768983070212e-01,7.620915740720604070e-01,2.000331293510633768e-01,1.089731872986342692e-01,4.143881925102933517e-01
2.690802348336595173e+01,4.944835996578951232e-01,2.209095534556918539e-01,7.615882788417747129e-01,2.013181761346616305e-01,1.097826300160743146e-01,4.171983800367344841e-01
2.700587084148727968e+01,4.971739540955192327e-01,2.231458928036684219e-01,7.610145213069828829e-01,2.026341833191312725e-01,1.105911468795713476e-01,4.200740953587955850e-01
2.710371819960860762e+01,4.999628226893223504e-01,2.254348683708809753e-01,7.603502976928832036e-01,2.039789759809599590e-01,1.113997948699106816e-01,4.230022078899210447e-01
2.720156555772993912e+01,5.028376565876900850e-01,2.277674689389038165e-01,7.595742385275272568e-01,2.053485284615936823e-01,1.122099282630218964e-01,4.259675475880233542e-01
2.729941291585127416e+01,5.057837999111297611e-01,2.301349284538194984e-01,7.586635074282376268e-01,2.067370904085102656e-01,1.130232106537402831e-01,4.289533664946600378e-01
2.739726027397260211e+01,5.087849081302536769e-01,2.325285530611792273e-01,7.575938044435382990e-01,2.081375038444069347e-01,1.124703958369897561e-01,4.319419439480916556e-01
2.749510763209393005e+01,5.118233994580629886e-01,2.349396243450976030e-01,7.563395040824874016e-01,2.095416459456553304e-01,1.111594293821392132e-01,4.349153297229243487e-01
2.759295499021526155e+01,5.148808777930764524e-01,2.373593589889348432e-01,7.548739552619561088e-01,2.109409103367971827e-01,1.098826917676373749e-01,4.378562074762286649e-01
2.769080234833659659e+01,5.179384913199747142e-01,2.397789101464609940e-01,7.531699660327658696e-01,2.123266421194320019e-01,1.086623814779817676e-01,4.407488475963184937e-01
2.778864970645792454e+01,5.209772221809984005e-01,2.421894025609018231e-01,7.512004893305992415e-01,2.136904698560295746e-01,1.075250719143555633e-01,4.435801048792133439e-01
2.788649706457925248e+01,5.239781314775694421e-01,2.445820002679077176e-01,7.502578943305745485e-01,2.150245244939050226e-01,1.064999052525079232e-01,4.463404035104049372e-01
2.798434442270058398e+01,5.269226037341511182e-01,2.469480112848431164e-01,7.554635453530846867e-01,2.163215866801433962e-01,1.056152903572220303e-01,4.490246406946332702e-01
2.808219178082191902e+01,5.297926419862435399e-01,2.492790369814302243e-01,7.607968338131422259e-01,2.175752421635936407e-01,1.048948796573089537e-01,4.516329319681661181e-01
2.818003913894324697e+01,5.325712579011308012e-01,2.515671740396803746e-01,7.662552784602734146e-01,2.187801339475953510e-01,1.043538189655626169e-01,4.541711167229954826e-01
2.827788649706457491e+01,5.352429826509743638e-01,2.538052735549220507e-01,7.718304772123419921e-01,2.199323722088291633e-01,1.039961876391589796e-01,4.566509428332047316e-01
2.837573385518590996e+01,5.377944977662550974e-01,2.559872548709196671e-01,7.775071814412802818e-01,2.210301050531532918e-01,1.038141991253705709e-01,4.590898558133784668e-01
2.847358121330724146e+01,5.402153564190272927e-01,2.581084617531679837e-01,7.832631834165700857e-01,2.220741841392231686e-01,1.037892437923592648e-01,4.615103323231171117e-01
2.857142857142856940e+01,5.424987401801375508e-01,2.601660367646215777e-01,7.890700029404248417e-01,2.230688033655895963e-01,1.038944062812262453e-01,4.639387219805599094e-01
2.866927592954989734e+01,5.446421787838520157e-01,2.621592781827781771e-01,7.948942774395931776e-01,2.240219645140618110e-01,1.040978221582746777e-01,4.664035970924024221e-01
2.876712328767123239e+01,5.466481532914667651e-01,2.640899349364699278e-01,8.006996937868144926e-01,2.249456357931419459e-01,1.043662005985103031e-01,4.689336577236351555e-01
2.886497064579256389e+01,5.485245064847342755e-01,2.659623913752258706e-01,8.064492562201259762e-01,2.258555094512106898e-01,1.046679804709673978e-01,4.715552979223104901e-01
2.896281800391389183e+01,5.502845967795340076e-01,2.677836972561117301e-01,8.121076656845649389e-01,2.267703189339541070e-01,1.049758061090417804e-01,4.742900027686044462e-01
2.906066536203521977e+01,5.519471509743922866e-01,2.695634100835002100e-01,8.176435907406556236e-01,2.277107324785893616e-01,1.052682137742675661e-01,4.771518058819241848e-01
2.915851272015655482e+01,5.535357941986540631e-01,2.713132362215982529e-01,8.230316346129170624e-01,2.286978927619364721e-01,1.055305593272686387e-01,4.801450800215830150e-01
2.925636007827788632e+01,5.550782602974034807e-01,2.730464816208472700e-01,8.282538405927090119e-01,2.297517203351303883e-01,1.057552845988039419e-01,4.832629449386689480e-01
2.935420743639921426e+01,5.566053106992274735e-01,2.747773486884872995e-01,8.333006217552293426e-01,2.308891415800886637e-01,1.059416345542780469e-01,4.864865447106664909e-01
2.945205479452054220e+01,5.581494127732545829e-01,2.765201381829661131e-01,8.381710444190532128e-01,2.321224353676058505e-01,1.063691335447661535e-01,4.897853667617705353e-01
2.954990215264187725e+01,5.597432480038386782e-01,2.782884297126424489e-01,8.428724335068821238e-01,2.334579067161368648e-01,1.069621737303474013e-01,4.931186530854410610e-01
2.964774951076321230e+01,5.614181344014281816e-01,2.800943185241250299e-01,8.474193002132931474e-01,2.348950784940608827e-01,1.075475357558567657e-01,4.964378092437352064e-01
2.974559686888454024e+01,5.632024554731461796e-01,2.819477789527248257e-01,8.518316194501744931e-01,2.364265362189580943e-01,1.081277633133431310e-01,4.996895756623216944e-01
2.984344422700586819e+01,5.651201898847901806e-01,2.838562076929100342e-01,8.561325105947863445e-01,2.380384713284487697e-01,1.087068134186405799e-01,5.028196176332896394e-01
2.994129158512719968e+01,5.671896328039804924e-01,2.858241763680153258e-01,8.603454064047162397e-01,2.397118652159022090e-01,1.092898588952020550e-01,5.057761380255085815e-01
3.003913894324853473e+01,5.694223934759328198e-01,2.878533971851475193e-01,8.644908385557773522e-01,2.414241688047690515e-01,1.098829911021135392e-01,5.085131297961399399e-01
3.013698630136986267e+01,5.718227450363274622e-01,2.899428821098746223e-01,8.685830294139122998e-01,2.431512840076259230e-01,1.104928371966975853e-01,5.109929583744645676e-01
3.023483365949119062e+01,5.743873917072686019e-01,2.920892582963029449e-01,8.726265587730124285e-01,2.448696497432543140e-01,1.111261179135107774e-01,5.131880782017164133e-01
3.033268101761252211e+01,5.771057034669812014e-01,2.942871921822588499e-01,8.766134630814437223e-01,2.465582626075225881e-01,1.117891820440955197e-01,5.150818175988575165e-01
3.043052837573385716e+01,5.799604461354327389e-01,2.965298717922363880e-01,8.805212030218753094e-01,2.482004980069355271e-01,1.124875606638020831e-01,5.166682865554540482e-01
3.052837573385518510e+01,5.829290031188930632e-01,2.988095001971212139e-01,8.843119710195647132e-01,2.497856233027957451e-01,1.132255859161325345e-01,5.179515542203361189e-01
3.062622309197651305e+01,5.859850433842848094e-01,3.011177608764079028e-01,8.879337645004451440e-01,2.513099048515899936e-01,1.140061146105809109e-01,5.189442974278284382e-01
3.072407045009784454e+01,5.891005412801626484e-01,3.034462259030177300e-01,8.913234908318432570e-01,2.527772130695487562e-01,1.148303858473350425e-01,5.196661382908948079e-01
3.082191780821917959e+01,5.922480036351331911e-01,3.057866886898342740e-01,8.944120878432303412e-01,2.541990380089003132e-01,1.156980255847218225e-01,5.201418742486455526e-01
3.091976516634050753e+01,5.954027169833948641e-01,3.081314132407514395e-01,8.971312734142556922e-01,2.555938563078728465e-01,1.166071921033024206e-01,5.203997679025293976e-01
3.101761252446183548e+01,5.985448030183924129e-01,3.104733006570050691e-01,8.994211589933207573e-01,2.569858466305003364e-01,1.175548381186985458e-01,5.204700168829338169e-01
3.111545988258316697e+01,6.016608726944621122e-01,3.128059806566501622e-01,9.012376843471824328e-01,2.584030332658808216e-01,1.185370512541989996e-01,5.203834746952542556e-01
3.121330724070450202e+01,6.047451037970319465e-01,3.151238409094667126e-01,9.025587543687034753e-01,2.598750338623330158e-01,1.195494271900164329e-01,5.201706484674658570e-01
3.131115459882582996e+01,6.077996310528920310e-01,3.174220100521426557e-01,9.033881299483556004e-01,2.614306740768067017e-01,1.205874300203287897e-01,5.198609628639768721e-01
3.140900195694715791e+01,6.108342214477534560e-01,3.196963114053225641e-01,9.037565104270894878e-01,2.630957789555462556e-01,1.216467014629743493e-01,5.194822533370268003e-01
3.150684931506849296e+01,6.138652938723196950e-01,3.219432038325071299e-01,9.037197403762601278e-01,2.648914307917628053e-01,1.227232925164267879e-01,5.190604371549717433e-01
3.160469667318982445e+01,6.169144142182988455e-01,3.241597241316681033e-01,9.033545436904441006e-01,2.668328874512801430e-01,1.238138051556852831e-01,5.186193070150527662e-01
3.170254403131115239e+01,6.200064421544848603e-01,3.263434422077901020e-01,9.027525206316959760e-01,2.689292068498795318e-01,1.249154449187245275e-01,5.181803982871494574e-01
3.180039138943248034e+01,6.231675199685456912e-01,3.284924364874780567e-01,9.020132846220588752e-01,2.711834734194199514e-01,1.260259956084727184e-01,5.177628947831910411e-01
3.189823874755381539e+01,6.264230812820503758e-01,3.306052930756494534e-01,9.012375763775777315e-01,2.735934249834798826e-01,1.271437336950138330e-01,5.173835560984780813e-01
3.199608610567514688e+01,6.297960275680010156e-01,3.326811284468467189e-01,9.005210294976883079e-01,2.761522601588773385e-01,1.282673023270228807e-01,5.170566679458467041e-01
3.209393346379647483e+01,6.333051837249048521e-01,3.347196323411913421e-01,8.999490441049093903e-01,2.788494547294327330e-01,1.293955640287018372e-01,5.167940313295319443e-01
3.219178082191780277e+01,6.369641086835591270e-01,3.367211252051551251e-01,8.995930122370597859e-01,2.816714927913356870e-01,1.305274485469880841e-01,5.166050136211408628e-01
3.228962818003913782e+01,6.407803073483291367e-01,3.386866230683653889e-01,8.995079648818573581e-01,2.846024873755209628e-01,1.316618093411218438e-01,5.164966832297483990e-01
3.238747553816047287e+01,6.447548663333048102e-01,3.406179021776181148e-01,8.997315860202683702e-01,2.876247056224474630e-01,1.327972999423349398e-01,5.164740405982145566e-01
3.248532289628180081e+01,6.488825154054678190e-01,3.425175559659673907e-01,9.002844572934102230e-01,2.907190248907243202e-01,1.339322803507548287e-01,5.165403447552445737e-01
3.258317025440312875e+01,6.531520958177992053e-01,3.443890379488082631e-01,9.011713443154759640e-01,2.938653398280767215e-01,1.350647636572819832e-01,5.166975206330622905e-01
3.268101761252445669e+01,6.575473933457447462e-01,3.462366858345388709e-01,9.023832995918609212e-01,2.970429304285648331e-01,1.361924135436547723e-01,5.169466214576093899e-01
3.277886497064579174e+01,6.620482679106285406e-01,3.480657244108178450e-01,9.039003306540582816e-01,3.002307976595085526e-01,1.373126032634839067e-01,5.172883149027643901e-01
3.287671232876711969e+01,6.666319863271135127e-01,3.498822474317254683e-01,9.056943656133846776e-01,3.034079801339332749e-01,1.384225450807393398e-01,5.177233617123259135e-01
3.297455968688844763e+01,6.712746452858900925e-01,3.516931814402150525e-01,9.077322471613026300e-01,3.065538799695600725e-01,1.395194950160793534e-01,5.182530599883535816e-01
3.307240704500978268e+01,6.759525635995287107e-01,3.535062366429260750e-01,9.099785064478160823e-01,3.096486412949147615e-01,1.406010305812850358e-01,5.188796354342661843e-01
3.317025440313111773e+01,6.806435290378398673e-01,3.553298508125146138e-01,9.123977132590065375e-01,3.126736318319596752e-01,1.416653890527919124e-01,5.196065656324906357e-01
3.326810176125244567e+01,6.853278048737279082e-01,3.571731308320249543e-01,9.149562653155156600e-01,3.156120687759427224e-01,1.427118416834130266e-01,5.204388334958977014e-01
3.336594911937377361e+01,6.899888300696632726e-01,3.590457922467796825e-01,9.176235579067086867e-01,3.184498010400624302e-01,1.437410669789936923e-01,5.213831105267127120e-01
3.346379647749510866e+01,6.946135789017878759e-01,3.609580901028596189e-01,9.229419506312167565e-01,3.211762130739878041e-01,1.447554765248959541e-01,5.224478741276060711e-01
3.356164383561643660e+01,6.991925760698064485e-01,3.629207257231080175e-01,9.302738055302262055e-01,3.237851594635780539e-01,1.457594429741215780e-01,5.236434649596048985e-01
3.365949119373776455e+01,7.037195904028271665e-01,3.649447066823641173e-01,9.373336313397789832e-01,3.262757877402489570e-01,1.467593844037302642e-01,5.249820904332443972e-01
3.375733855185909249e+01,7.081910554700517890e-01,3.670411349314385285e-01,9.441058419247959632e-01,3.286530745507724172e-01,1.477636735362832798e-01,5.264777791317069022e-01
3.385518590998042754e+01,7.126052907781771362e-01,3.692209043639430588e-01,9.505771159089688727e-01,3.309279013204675657e-01,1.487823631815628489e-01,5.281462886002536994e-01
3.395303326810176259e+01,7.169616225120921671e-01,3.714943054945291645e-01,9.567352400521528244e-01,3.331165386414012830e-01,1.498267469211436720e-01,5.300049658037685463e-01
3.405088062622309053e+01,7.212595232935026246e-01,3.738705587802783059e-01,9.625680550762528709e-01,3.352394945282441974e-01,1.509088007913249041e-01,5.320725559662603521e-01
3.414872798434441847e+01,7.254978976166756022e-01,3.763573227506264440e-01,9.680627113403189599e-01,3.373197998848822543e-01,1.520405713274216863e-01,5.343689517834686598e-01
3.424657534246575352e+01,7.296746244824726668e-01,3.789602395796720646e-01,9.732053992740166137e-01,3.393809315893084322e-01,1.532335831029646711e-01,5.369148714814434564e-01
3.434442270058708857e+01,7.337864271817199358e-01,3.816825816288272888e-01,9.779816420500307972e-01,3.414446756453636267e-01,1.544983331465933918e-01,5.397314512563231581e-01
3.444227005870841651e+01,7.378290772475166737e-01,3.845250456686684082e-01,9.823771392844639072e-01,3.435292747729488672e-01,1.558439221915843553e-01,5.428397357164068682e-01
3.454011741682974446e+01,7.417978699578843260e-01,3.874857116362129261e-01,9.863790499923995592e-01,3.456481652553939909e-01,1.572778482336904537e-01,5.462600496044791587e-01
3.463796477495107240e+01,7.456882520912540002e-01,3.905601496436983955e-01,9.899775213641304195e-01,3.478094924249131026e-01,1.588059621188819270e-01,5.500112359931483841e-01
3.473581213307240745e+01,7.494964558809753541e-01,3.937416331598535546e-01,9.931672243404136013e-01,3.500164367259596121e-01,1.604325629831868660e-01,5.541097511543848775e-01
3.483365949119373539e+01,7.532200035684537553e-01,3.970214050447818388e-01,9.959486566120638873e-01,3.522682306833139210e-01,1.621605965245222214e-01,5.585686153394121556e-01
3.493150684931506333e+01,7.568579895396151391e-01,4.003889479234618576e-01,9.983290171895247145e-01,3.545616411620407527e-01,1.639919121655097345e-01,5.633962326410811849e-01
3.502935420743639838e+01,7.604111069553771696e-01,4.038322273974809806e-01,1.000322532628090011e+00,3.568926475692234535e-01,1.659275350910094093e-01,5.685951124656420941e-01
3.512720156555773343e+01,7.638814447482806802e-01,4.073378989398627192e-01,1.001950205230206503e+00,3.592580577619488569e-01,1.679679137643007025e-01,5.741605496255572927e-01
3.522504892367906137e+01,7.672721235756868596e-01,4.108914897937049893e-01,1.003239038568351171e+00,3.616568488899462031e-01,1.701131105422006851e-01,5.800793480381470912e-01
3.532289628180038932e+01,7.705868577753376414e-01,4.144775803896044719e-01,1.004220859829912715e+00,3.640910790480921255e-01,1.723629106539957545e-01,5.863287009936657412e-01
3.542074363992171726e+01,7.738295247484232586e-01,4.180800131795531227e-01,1.004930893401151604e+00,3.665662730437600492e-01,1.747168321505154220e-01,5.928753634467659461e-01
3.551859099804305231e+01,7.770038001405759065e-01,4.241234209392907850e-01,1.005406245381277319e+00,3.690912357338688721e-01,1.771740263279706074e-01,5.996752617507911109e-01
3.561643835616438025e+01,7.801128866623053826e-01,4.320768234011121423e-01,1.005684440220337539e+00,3.716772898771487088e-01,1.797330649589483076e-01,6.066736764750969568e-01
3.571428571428570820e+01,7.831593363836804045e-01,4.401868712342454915e-01,1.005802117533278528e+00,3.743369771033747129e-01,1.823916179400330850e-01,6.138060992519779324e-01
3.581213307240704324e+01,7.861449482735853866e-01,4.483953320183488578e-01,1.005793958706334479e+00,3.770823067982800314e-01,1.851460330406363153e-01,6.209998045077901319e-01
3.590998043052837829e+01,7.890707179317083542e-01,4.566383331672895229e-01,1.005691876603390877e+00,3.799226930843901395e-01,1.879908383124223314e-01,6.281760977151940040e-01
3.600782778864970624e+01,7.919368237089858820e-01,4.648484882107946636e-01,1.005524472052438112e+00,3.828627834951265907e-01,1.909181970527783767e-01,6.352531167854408300e-01
3.610567514677103418e+01,7.947426478486192547e-01,4.729571017467557592e-01,1.005316739618939970e+00,3.859004438571274065e-01,1.939173544793522941e-01,6.421489904101377322e-01
3.620352250489236923e+01,7.974868459634886220e-01,4.808963091368191889e-01,1.005089992150077549e+00,3.890252020173544101e-01,1.969741239455587711e-01,6.487851143049109259e-01
3.630136986301369717e+01,8.001674862534768895e-01,4.818491416647669445e-01,1.004861967209928375e+00,3.922174439357243303e-01,2.000704682059370465e-01,6.550893047618721043e-01
3.639921722113502511e+01,8.027822767905972157e-01,4.823017151368285682e-01,1.004647076920407001e+00,3.954485822477569190e-01,2.031842375495835074e-01,6.609986287538416327e-01
3.649706457925635306e+01,8.053288842761684441e-01,4.831931791408500265e-01,1.004456764097249266e+00,3.986822822929478316e-01,2.062891309207060542e-01,6.664617784913776655e-01
3.659491193737768810e+01,8.078053245453389319e-01,4.845954584133388421e-01,1.004299930537517538e+00,4.018766607348861486e-01,2.093549471731487310e-01,6.714409339408902166e-01
3.669275929549902315e+01,8.102103806621536730e-01,4.865779366189605937e-01,1.004183406948209178e+00,4.049872102124446593e-01,2.123481892565336759e-01,6.759131153126417546e-01
3.679060665362035110e+01,8.125439864902770370e-01,4.892055855864559377e-01,1.004112437780779299e+00,4.079700911732609958e-01,2.149992005817251417e-01,6.798710511276164770e-01
3.688845401174167904e+01,8.148075079655366926e-01,4.925368145463770442e-01,1.004091157918175492e+00,4.107853922732977447e-01,2.151404360594943999e-01,6.833235713097707276e-01
3.698630136986301409e+01,8.170038627904734341e-01,4.966209875178557165e-01,1.004123041677205119e+00,4.133999929070979462e-01,2.152242359565622598e-01,6.862954893466536310e-01
3.708414872798434203e+01,8.191374395422862387e-01,5.014955822064001145e-01,1.004211307925165997e+00,4.157897472202426448e-01,2.153072621190798563e-01,6.888268860955389927e-01
3.718199608610566997e+01,8.212138041619849727e-01,5.071830106636397995e-01,1.004359268237061675e+00,4.179408230420256776e-01,2.154432256479594521e-01,6.909716789314419572e-01
3.727984344422699792e+01,8.232392100780492328e-01,5.136871924927114419e-01,1.004570607866251963e+00,4.198501479171407036e-01,2.156787530854867574e-01,6.927953781899970354e-01
3.737769080234833297e+01,8.252199539694121677e-01,5.209900644642075918e-01,1.004849591764547245e+00,4.215250197690659784e-01,2.160501085374555985e-01,6.943720096067977909e-01
3.747553816046966801e+01,8.271616406027575419e-01,5.290483196348222394e-01,1.005201189885967183e+00,4.229820199962867067e-01,2.165811830582823061e-01,6.957803090543835944e-01
3.757338551859099596e+01,8.290684367143086320e-01,5.377907802129106019e-01,1.005631117555763065e+00,4.242454162852427046e-01,2.172829339249455760e-01,6.970994473288024684e-01
3.767123287671232390e+01,8.309424047728729557e-01,5.471168977102621733e-01,1.006145787970130101e+00,4.253452607513062977e-01,2.181541994717833000e-01,6.984046775959618092e-01
3.776908023483365895e+01,8.327830106684993572e-01,5.562965632727887577e-01,1.006752175325194010e+00,4.263153799711692504e-01,2.191835958233973591e-01,6.997633738128169467e-01
3.786692759295499400e+01,8.345868917601227954e-01,5.583850082058374742e-01,1.007457589294446176e+00,4.271914233614332312e-01,2.203520702754507010e-01,7.012319142303823361e-01
3.796477495107632194e+01,8.363479502019334211e-01,5.604767704013690066e-01,1.008269365368723136e+00,4.280090926512690186e-01,2.216356605814001068e-01,7.028537529650965565e-01
3.806262230919764988e+01,8.380578000705682928e-01,5.626351980007380238e-01,1.009194481711175984e+00,4.288026258730165408e-01,2.230080752524089549e-01,7.046588362907137970e-01
3.816046966731897783e+01,8.397065485914906313e-01,5.649179706045905913e-01,1.010239122156943781e+00,4.296035627044315630e-01,2.244428310459743448e-01,7.066643038348894290e-01
3.825831702544031288e+01,8.412838395464179442e-01,5.673759123267646531e-01,1.011408216703932439e+00,4.304397822959188380e-01,2.259148194125454034e-01,7.088762221285146437e-01
3.835616438356164082e+01,8.427800419992278469e-01,5.700523280502731716e-01,1.012705004271903908e+00,4.313347862375086494e-01,2.274012919862494764e-01,7.112919733882711038e-01
3.845401174168296876e+01,8.441874410662787431e-01,5.729828221753064943e-01,1.014130675461041742e+00,4.323072001841756773e-01,2.288823392445775706e-01,7.139028870419688033e-01
3.855185909980430381e+01,8.455012865592624882e-01,5.761955081564754666e-01,1.015684162154694370e+00,4.333704838865516384e-01,2.303409829683463750e-01,7.166967489698010674e-01
3.864970645792563886e+01,8.467205796547749852e-01,5.797114809566800142e-01,1.017362141930346464e+00,4.345328610357027666e-01,2.317630177866794317e-01,7.196599265463669015e-01
3.874755381604696680e+01,8.478485198147878155e-01,5.835454068207034384e-01,1.019159314302380048e+00,4.357974945589018212e-01,2.331367291964714650e-01,7.227789709803982277e-01
3.884540117416829474e+01,8.488925826287163634e-01,5.877060871681878407e-01,1.021068980174206553e+00,4.371629292442714143e-01,2.344525940756801707e-01,7.260416710769137527e-01
3.894324853228962269e+01,8.498642435738765766e-01,5.921968758492612839e-01,1.023083915807285083e+00,4.386237988008431787e-01,2.357030418287302531e-01,7.294376150998468367e-01
3.904109589041095774e+01,8.507783968897320026e-01,5.970158695826269790e-01,1.025197482480392663e+00,4.401717554418009826e-01,2.368823244870999767e-01,7.329583638032386439e-01
3.913894324853228568e+01,8.516525420483146425e-01,6.021558460192563134e-01,1.027404861396657543e+00,4.417965409142591282e-01,2.379865151552131852e-01,7.365973519533322023e-01
3.923679060665361362e+01,8.525058250518491310e-01,6.076039859835163925e-01,1.029704261751160921e+00,4.434870937582675587e-01,2.390136280681874614e-01,7.403496270857308215e-01
3.933463796477494867e+01,8.533580302952019636e-01,6.133414770818891304e-01,1.032097929690615201e+00,4.452325878925417757e-01,2.399638318999273989e-01,7.442115130761526309e-01
3.943248532289628372e+01,8.542286208463722996e-01,6.193431444837388389e-01,1.034592795119618769e+00,4.470233222945865781e-01,2.408397124642804310e-01,7.481802608097841700e-01
3.953033268101761166e+01,8.551359179430461088e-01,6.255772808041918376e-01,1.037200633253988924e+00,4.488514216844564642e-01,2.416465329044525379e-01,7.522537244313657334e-01
3.962818003913893961e+01,8.560964908997494849e-01,6.320058427076126195e-01,1.039937681971026651e+00,4.507113502609005340e-01,2.423924393177300241e-01,7.564300822441434313e-01
3.972602739726027465e+01,8.571247955687717468e-01,6.385851442212761020e-01,1.042823731370213780e+00,4.526002717721891999e-01,2.430885666007038259e-01,7.607076071735082712e-01
3.982387475538160260e+01,8.582330568998635112e-01,6.368313610096695276e-01,1.045880772724761654e+00,4.545183011693487707e-01,2.437490107166185582e-01,7.650844824759143181e-01
3.992172211350293054e+01,8.594313477649825339e-01,6.335085996301824673e-01,1.049131346187609948e+00,4.564686837957498966e-01,2.443906461115582796e-01,7.695586531628429983e-01
4.001956947162425848e+01,8.607277831450756977e-01,6.301316198519971712e-01,1.052596751997483926e+00,4.584579116720456926e-01,2.450327770815958206e-01,7.741277014278145074e-01
4.011741682974559353e+01,8.621287353774013118e-01,6.267861436235453443e-01,1.056295287931923399e+00,4.604957515894890219e-01,2.456966171473196903e-01,7.787887343493964387e-01
4.021526418786692858e+01,8.636389864579859799e-01,6.235464772959584678e-01,1.060240652708319464e+00,4.625951272536085734e-01,2.464045909639534515e-01,7.835382736444338470e-01
4.031311154598825652e+01,8.652617645779633326e-01,6.204735507005250117e-01,1.064440621332749082e+00,4.647717783915039647e-01,2.471794522232064473e-01,7.883721398066565467e-01
4.041095890410958447e+01,8.669986556003479450e-01,6.176137443059308563e-01,1.068896064658242384e+00,4.670436225519641882e-01,2.480432147663407527e-01,7.932853262572635566e-01
4.050880626223091951e+01,8.688494246330835669e-01,6.149987363056200751e-01,1.073600359033395124e+00,4.694297761581502360e-01,2.490159107998892729e-01,7.982718628787303095e-01
4.060665362035224746e+01,8.708118171642940109e-01,6.219234422174445553e-01,1.078539215094101333e+00,4.719492510732029578e-01,2.501142260440891163e-01,8.033246722165713338e-01
4.070450097847357540e+01,8.728814252523482420e-01,6.309879444492485501e-01,1.083690944502330389e+00,4.746194242425688659e-01,2.513501161720916310e-01,8.084354253989068928e-01
4.080234833659490334e+01,8.750516983211514832e-01,6.403161286912320005e-01,1.089027173528665848e+00,4.774544622304078834e-01,2.527295690256868843e-01,8.135944081016176499e-01
4.090019569471623839e+01,8.773141516440455812e-01,6.498810973057083107e-01,1.094513996359991026e+00,4.804639401713572400e-01,2.542517168648978920e-01,8.187904093570875785e-01
4.099804305283757344e+01,8.796587850327213243e-01,6.596555039211707827e-01,1.100113535316211255e+00,4.836518946159769072e-01,2.559084923558422875e-01,8.240106474135799886e-01
4.109589041095890138e+01,8.820746797490878199e-01,6.696111625603866635e-01,1.105785841020877180e+00,4.870164764856655393e-01,2.576849451277751779e-01,8.292407470498964761e-01
4.119373776908022933e+01,8.845507045864120510e-01,6.797189153285617680e-01,1.111491028984406437e+00,4.905502395501742940e-01,2.595602068219150516e-01,8.344647816951450414e-01
4.129158512720156438e+01,8.870762415395171407e-01,6.899488099117753181e-01,1.117191518602011824e+00,4.942409569519167212e-01,2.615089555731395787e-01,8.396653914398412022e-01
4.138943248532289942e+01,8.896418413588655927e-01,7.002705809009815985e-01,1.122854223956552433e+00,4.980727561383968549e-01,2.635031374360273237e-01,8.448239846387316510e-01
4.148727984344422737e+01,8.922397370435571906e-01,7.106543777692029273e-01,1.128452546749447949e+00,5.020273325237942785e-01,2.655136828952398553e-01,8.499210263925083275e-01
4.158512720156555531e+01,8.948641715600826885e-01,7.210716413808968550e-01,1.133968038565214886e+00,5.060850406242495270e-01,2.694145577281871207e-01,8.549364118522940759e-01
4.168297455968688325e+01,8.975115258067898338e-01,7.314960041853120210e-01,1.139391626909453503e+00,5.102257388036839370e-01,2.756362618712563384e-01,8.598499161483347253e-01
4.178082191780821830e+01,9.001802570439487727e-01,7.405377234062050507e-01,1.144724330600224382e+00,5.144293457535844549e-01,2.820532478446232671e-01,8.646417060255795484e-01
4.187866927592954625e+01,9.028706735971926411e-01,7.440612187286776980e-01,1.149977421032772229e+00,5.186761305472434858e-01,2.829122214902866084e-01,8.692928913488778830e-01
4.197651663405087419e+01,9.055845794097348023e-01,7.475972747713252042e-01,1.155172016160493254e+00,5.229467965525371742e-01,2.824057871155457033e-01,8.737860880789669604e-01
4.207436399217220924e+01,9.083248249520149420e-01,7.511383636632793515e-01,1.160338125785457253e+00,5.272224367071457474e-01,2.818631535406058153e-01,8.781059588424405815e-01
4.217221135029354429e+01,9.110948021451850121e-01,7.546721777497640282e-01,1.165513201517925035e+00,5.314844413530194212e-01,2.813117658187749837e-01,8.822396936386930344e-01
4.227005870841487223e+01,9.138979218949652150e-01,7.581821053983235359e-01,1.170740281004454708e+00,5.357144359445146220e-01,2.807722614047151177e-01,8.861773923290249266e-01
4.236790606653620017e+01,9.167371132523008948e-01,7.616478858839405008e-01,1.176065848371463884e+00,5.398943167270751076e-01,2.802559560926527471e-01,8.899123129638064622e-01
4.246575342465753522e+01,9.196143815247485032e-01,7.650464346573335739e-01,1.181537553847021638e+00,5.440064373012274412e-01,2.797633710923982941e-01,8.934409560894781555e-01
4.256360078277886316e+01,9.225304571436122592e-01,7.683528164069878263e-01,1.187201938909369980e+00,5.480339766295305726e-01,2.792841330743484063e-01,8.967629649996621266e-01
4.266144814090019111e+01,9.254845570204215388e-01,7.715413254166415546e-01,1.193102296834026133e+00,5.519614900290236159e-01,2.787983929364185043e-01,8.998808352230001084e-01
4.275929549902151905e+01,9.284742663608950286e-01,7.745866141562474105e-01,1.199276765220107954e+00,5.557756124464174885e-01,2.782796761853443268e-01,9.027994428960095519e-01
4.285714285714285410e+01,9.314955337774721844e-01,7.774647959367911865e-01,1.205756704398593504e+00,5.594658536782013414e-01,2.776988447625287071e-01,9.055254203529546908e-01
4.295499021526418915e+01,9.345427591421472391e-01,7.720434371007177665e-01,1.212565373000863644e+00,5.630254044948779235e-01,2.775863786569983671e-01,9.080664273139459342e-01
4.305283757338551709e+01,9.376089447961847290e-01,7.655197109792170052e-01,1.219716878164592400e+00,5.664518652408324639e-01,2.776960844573741483e-01,9.104303861047193802e-01
4.315068493150684503e+01,9.406858782040655731e-01,7.591122441609567950e-01,1.223173668545648463e+00,5.697478151013664061e-01,2.778110356048020813e-01,9.126247674295351331e-01
4.324853228962818008e+01,9.437643180520295383e-01,7.528638881908392699e-01,1.224993947393081317e+00,5.729211575465553707e-01,2.779515765150750162e-01,9.146560265885775864e-01
4.334637964774950802e+01,9.468341648080154105e-01,7.468157427274362270e-01,1.226919619144755558e+00,5.759851993504769840e-01,2.781391432177978129e-01,9.165292951299194302e-01
4.344422700587083597e+01,9.498846085720208388e-01,7.410066814440857685e-01,1.228955208650601039e+00,5.789584402259732032e-01,2.783955885343623038e-01,9.182484257177188081e-01
4.354207436399216391e+01,9.529042590625842468e-01,7.354728577070928086e-01,1.231104041739683463e+00,5.818640623230771913e-01,2.787422947254795114e-01,9.198164647215961720e-01
4.363992172211349896e+01,9.558812725195903193e-01,7.302472177826354605e-01,1.233368166290049528e+00,5.847291120239969109e-01,2.791991200071457513e-01,9.212365853788058168e-01
4.373776908023483401e+01,9.588034965068216176e-01,7.253590562311830192e-01,1.235748285099499855e+00,5.875833639749256099e-01,2.797832492239009650e-01,9.225134548859442729e-01
4.383561643835616195e+01,9.616586551301560259e-01,7.208336503216925539e-01,1.238243704138045631e+00,5.904578578330983429e-01,2.805080363355856865e-01,9.236549360190139391e-01
4.393346379647748989e+01,9.644345937450632400e-01,7.166920074164314647e-01,1.240852297360033774e+00,5.933831145800694262e-01,2.813819348871405834e-01,9.246739469854244886e-01
4.403131115459882494e+01,9.671195940734300667e-01,7.129507515148679753e-01,1.243570484609969995e+00,5.963870840137223128e-01,2.824076107884163633e-01,9.255902352234802732e-01
4.412915851272015999e+01,9.697027586504519681e-01,7.096221632037271743e-01,1.246393212901315106e+00,5.994929521912922832e-01,2.835813195274368703e-01,9.264317768223203631e-01
4.422700587084148793e+01,9.721744492624905254e-01,7.067143724141097261e-01,1.249313925005214099e+00,6.027170326380486554e-01,2.848926093065956566e-01,9.272355071846605234e-01
4.432485322896281588e+01,9.745267498763510172e-01,7.042316874750146338e-01,1.252324495245806135e+00,6.060670409375589207e-01,2.863243861836065052e-01,9.280471301168875531e-01
4.442270058708414382e+01,9.767539134310438964e-01,7.021750292562289886e-01,1.255415113492585943e+00,6.095410607500135747e-01,2.878533515156991296e-01,9.289198438298018612e-01
4.452054794520547887e+01,9.788527466866456805e-01,7.005424281500353123e-01,1.258574106970383077e+00,6.131274196740121862e-01,2.894507995603793349e-01,9.299119560543012142e-01
4.461839530332680681e+01,9.808228901340481087e-01,6.993295364106885126e-01,1.261787706500595352e+00,6.168055206522459200e-01,2.910837458003731615e-01,9.310835196160074378e-01
4.471624266144813475e+01,9.826669610402729571e-01,6.985301103181226212e-01,1.265039787389248271e+00,6.205474810448572409e-01,2.927163439623301500e-01,9.324922794198031717e-01
4.481409001956946980e+01,9.843905451193094569e-01,6.981364258517176458e-01,1.268311640700717557e+00,6.243202928437290300e-01,2.943115395927780598e-01,9.341893527586310197e-01
4.491193737769080485e+01,9.860020422613169355e-01,6.981396066047271809e-01,1.271581851144895081e+00,6.280881783583474043e-01,2.958328977298826934e-01,9.362151394684302685e-01
4.500978473581213279e+01,9.875123895270222496e-01,6.985298606525877085e-01,1.274826365724990307e+00,6.318148687933453633e-01,2.972465297107036442e-01,9.385959568976391942e-01
4.510763209393346074e+01,9.889346960528030417e-01,6.992966402358424816e-01,1.278018826831398114e+00,6.354656341611060189e-01,2.985230291271865899e-01,9.413418109909155174e-01
4.520547945205478868e+01,9.902838272703113898e-01,7.004287507161836013e-01,1.281131212758452209e+00,6.390089922295378866e-01,2.996393108612374068e-01,9.444455602759956880e-01
4.530332681017612373e+01,9.915759701143288529e-01,7.019144407255506479e-01,1.284134781124934177e+00,6.424180902026964679e-01,3.005802329701857678e-01,9.478835317426459461e-01
4.540117416829745167e+01,9.928281993058311050e-01,7.037415030962497209e-01,1.287001255115562959e+00,6.456717780888923119e-01,3.013398728215711531e-01,9.516174445423176698e-01
4.549902152641877962e+01,9.940580515584886978e-01,7.058974074840613788e-01,1.289704141058965359e+00,6.487553869484367075e-01,3.019223303236056033e-01,9.555973282891276899e-01
4.559686888454011466e+01,9.952831040917086147e-01,7.083694735689555211e-01,1.292220031209852182e+00,6.516612051464025779e-01,3.023419459024656586e-01,9.597650178703633905e-01
4.569471624266144971e+01,9.965205493947462134e-01,7.111450817946198821e-01,1.294529736982537260e+00,6.543886272147731997e-01,3.028041256191468245e-01,9.640577803784063926e-01
4.579256360078277766e+01,9.977867608781145758e-01,7.142119095731680467e-01,1.296619118278161897e+00,6.569439438845415813e-01,3.068206346182725253e-01,9.684116780287599369e-01
4.589041095890410560e+01,9.990968525812059520e-01,7.175581761241750511e-01,1.298479519574507801e+00,6.593397532351369383e-01,3.088065234752170318e-01,9.727643744280299876e-01
4.598825831702544065e+01,1.000464247337515378e+00,7.211728785331440461e-01,1.300107782649269295e+00,6.615940012935945802e-01,3.057844567290741167e-01,9.770572225094085184e-01
4.608610567514676859e+01,1.001900277837195263e+00,7.250460040363606584e-01,1.301505865894774461e+00,6.637287011323363961e-01,3.028423408203116951e-01,9.812366024773375717e-01
4.618395303326809653e+01,1.003413850484070613e+00,7.291687073951335085e-01,1.302680148950177585e+00,6.657684247773943964e-01,3.006376037131311407e-01,9.852545847177384131e-01
4.628180039138942448e+01,1.005011200952605765e+00,7.335334461119198401e-01,1.303640530858697355e+00,6.677387021971996628e-01,3.001655535061803493e-01,9.890690628347372781e-01
4.637964774951075952e+01,1.006695763038908620e+00,7.381340692540463433e-01,1.304399437820970231e+00,6.696644858013280910e-01,2.998816944851858124e-01,9.926435326631498635e-01
4.647749510763209457e+01,1.008468160744411479e+00,7.429658574226257750e-01,1.304970845658845136e+00,6.715688384018361212e-01,2.998215850231257806e-01,9.959466891072455974e-01
4.657534246575342252e+01,1.010326320661479871e+00,7.480255119959132726e-01,1.305369398423839700e+00,6.734719733922303053e-01,3.000078568703978266e-01,9.989519836340418069e-01
4.667318982387475046e+01,1.012265690928338069e+00,7.533110914986924644e-01,1.305609675326306229e+00,6.753907213748993055e-01,3.004500869729449519e-01,1.001637242584170195e+00
4.677103718199608551e+01,1.014279546705963986e+00,7.588218922106813036e-01,1.305705629632264886e+00,6.773384289616877219e-01,3.011457698756087598e-01,1.003984400803913157e+00
4.686888454011742056e+01,1.016359361132994188e+00,7.645582693388505158e-01,1.305670199736953974e+00,6.793252292554029514e-01,3.020821773219066753e-01,1.005979364796932840e+00
4.696673189823874850e+01,1.018495224052155645e+00,7.675434112153275423e-01,1.305515076398307661e+00,6.813585750923075723e-01,3.032387965035719390e-01,1.007611989913695050e+00
4.706457925636007644e+01,1.020676296032167363e+00,7.692630626165523067e-01,1.305250601279062117e+00,6.834439046690160557e-01,3.045900062148403364e-01,1.008876139068267452e+00
4.716242661448140439e+01,1.022891289293408779e+00,7.711477278132244928e-01,1.304885769344589663e+00,6.855853151057819117e-01,3.061076794830922543e-01,1.009769785206545256e+00
4.726027397260273943e+01,1.025128967554694182e+00,7.731648564265527490e-01,1.304428309458244062e+00,6.877861460328688059e-01,3.077634755322727900e-01,1.010295123181074395e+00
4.735812133072406738e+01,1.027378652512817014e+00,7.752844369175817540e-01,1.303884821749526690e+00,6.900494125058782569e-01,3.095306793670569157e-01,1.010458664626353364e+00
4.745596868884539532e+01,1.029630716568104898e+00,7.774795589010864427e-01,1.303260955310710179e+00,6.923780653351746528e-01,3.115454234435836023e-01,1.010271297722201700e+00
4.755381604696673037e+01,1.031877032154153495e+00,7.797265310689650564e-01,1.302561614285634883e+00,6.947750909722120172e-01,3.151711496144611324e-01,1.009748299249929149e+00
4.765166340508806542e+01,1.034111341088054470e+00,7.820046654835457467e-01,1.301791183760572457e+00,6.972434889511243128e-01,3.189404936838564075e-01,1.008909287536881028e+00
4.774951076320939336e+01,1.036329505880504653e+00,7.842958588444476353e-01,1.300953768837685542e+00,6.997861807107578214e-01,3.228232192903760511e-01,1.007778101830949957e+00
4.784735812133072130e+01,1.038529610794734381e+00,7.865840937119957799e-01,1.300053441010294408e+00,7.024059082306416402e-01,3.267976029882171951e-01,1.006382587713958277e+00
4.794520547945204925e+01,1.040711893699393320e+00,7.888549568552488678e-01,1.299094485821947087e+00,7.051051736330586905e-01,3.308499184943139437e-01,1.004754261499093859e+00
4.804305283757338429e+01,1.042878508747457023e+00,7.910952383266415255e-01,1.298081645207977530e+00,7.078862523613884683e-01,3.349737836320457740e-01,1.002927821655873464e+00
4.814090019569471224e+01,1.045033141584565950e+00,7.932926422558058688e-01,1.297020347281637287e+00,7.107512856963024150e-01,3.391694064379292550e-01,1.000940474719715922e+00
4.823874755381604018e+01,1.047180519309840463e+00,7.954356142410125008e-01,1.295916915921413004e+00,7.137024288545873452e-01,3.434427273751768928e-01,9.988310492748371239e-01
4.833659491193737523e+01,1.049325872858047237e+00,7.975132728555831552e-01,1.294778752488681572e+00,7.167420061312042012e-01,3.478044369901636679e-01,9.966388863951384236e-01
4.843444227005871028e+01,1.051474416635296283e+00,7.995154238781907452e-01,1.293614482371370888e+00,7.198726115500573286e-01,3.522688527656954172e-01,9.944025193380402472e-01
4.853228962818003822e+01,1.053630907407828277e+00,8.014326335833696913e-01,1.292434059728347462e+00,7.230970965354435176e-01,3.568526613337660858e-01,9.921581884956355291e-01
4.863013698630136616e+01,1.055799331923010564e+00,8.032563394383971378e-01,1.291248824668636441e+00,7.264184049784653263e-01,3.615735650614152474e-01,9.899382762517390244e-01
4.872798434442270121e+01,1.057982752882764332e+00,8.049789806694106487e-01,1.290071508006259249e+00,7.298392459617117911e-01,3.664489055523904026e-01,9.877697841682959723e-01
4.882583170254402916e+01,1.060183319510460631e+00,8.065941357761746699e-01,1.288916179595325451e+00,7.333616275210759206e-01,3.714943608872771086e-01,9.856730030725185943e-01
4.892367906066535710e+01,1.062402426347845097e+00,8.080966582553235078e-01,1.287798137057902137e+00,7.369863028720243792e-01,3.767228208128343137e-01,9.836605356182346327e-01
4.902152641878668504e+01,1.064640985802113082e+00,8.094828051691175252e-01,1.286733732555702669e+00,7.407121972254511189e-01,3.821435313414679458e-01,9.817368132616376419e-01
4.911937377690802009e+01,1.066899768693405637e+00,8.107503557656940973e-01,1.285740136323459737e+00,7.445358860531690048e-01,3.877615694585097583e-01,9.798982030150804601e-01
4.921722113502935514e+01,1.069179763333113486e+00,8.118987192536333275e-01,1.284835037284739467e+00,7.484511858831950359e-01,3.935776667202862122e-01,9.781337289445365402e-01
4.931506849315068308e+01,1.071482506694438674e+00,8.129290321686974963e-01,1.284036283608558149e+00,7.524489010204593598e-01,3.995883569646323519e-01,9.764263517444606855e-01
4.941291585127201103e+01,1.073810349169496359e+00,8.138442465488072708e-01,1.283361469979882985e+00,7.565167499172161802e-01,4.057863874698570683e-01,9.747546741189222486e-01
4.951076320939334607e+01,1.076166624921083059e+00,8.205676017052260240e-01,1.282827484044161581e+00,7.606394782909123853e-01,4.121613112717068539e-01,9.730948870678491902e-01
4.960861056751467402e+01,1.078555710715482174e+00,8.277107374517719274e-01,1.282450032143858110e+00,7.647991549160869651e-01,4.187001733677113147e-01,9.738200821000720930e-01
4.970645792563600196e+01,1.080982965741986268e+00,8.347556476660951130e-01,1.282243173877568143e+00,7.689756395358011698e-01,4.253882133769835705e-01,9.816384162949248759e-01
4.980430528375732990e+01,1.083454552580827901e+00,8.416739337415503064e-01,1.282218905279852050e+00,7.731472075104212083e-01,4.322095270422081081e-01,9.890872961951194808e-01
4.990215264187866495e+01,1.085977145472058814e+00,8.484401525432221369e-01,1.287106439716577233e+00,7.772913092889700559e-01,4.391476527281316655e-01,9.960829763793703773e-01
5.000000000000000000e+01,1.088557537452924162e+00,8.550319411828547489e-01,1.294380357328937636e+00,7.813854328808964578e-01,4.461860713075743723e-01,1.002549751638375675e+00
