step,loss,relative_cd,relative_rcs,cd,rcs,area,chord,grad_norm,settle_steps,settled,settle_drag_change,settle_velocity_change,max_mach,mass_error,wall_seconds
0,1.650117039680481,1.650117039680481,1.2600668668746948,25.656124114990234,0.00042571997619234025,0.20499998331069946,0.699999988079071,1.1943999528884888,1200,False,0.015423433855175972,0.018886037170886993,0.4750935435295105,0.041026294231414795,5.088395722999962
1,1.6476513147354126,1.647648811340332,1.260626196861267,25.617748260498047,0.0004259089473634958,0.20500001311302185,0.7005320191383362,1.166357398033142,1200,False,0.019108356907963753,0.00942856352776289,0.4643496870994568,0.041328251361846924,4.887334444999965
2,1.4774236679077148,1.477413535118103,1.2595973014831543,22.970918655395508,0.00042556136031635106,0.20500001311302185,0.7002981901168823,1.1558321714401245,1200,False,0.0006444972241297364,0.003916273359209299,0.46086081862449646,0.04119527339935303,4.91049414500003
3,1.5056138038635254,1.5055909156799316,1.2585152387619019,23.40902328491211,0.00042519575799815357,0.20499998331069946,0.6999736428260803,1.1419131755828857,1200,False,0.0007405689102597535,0.0016906270757317543,0.46107321977615356,0.041214823722839355,4.974873946000002
4,1.4979244470596313,1.4978840351104736,1.25718092918396,23.289196014404297,0.00042474493966437876,0.20500001311302185,0.6997140049934387,1.1389814615249634,1200,False,0.0003261980600655079,0.000666002684738487,0.46034136414527893,0.0412067174911499,4.846837312999924
5,1.4927164316177368,1.492653727531433,1.256816029548645,23.207874298095703,0.0004246216849423945,0.20499998331069946,0.699622392654419,1.1325722932815552,1100,True,1.2574349966598675e-05,0.000244969705818221,0.4603842496871948,0.04119831323623657,4.534843034000005
6,1.489221215248108,1.4891319274902344,1.2562596797943115,23.153118133544922,0.00042443370330147445,0.20499998331069946,0.6996647119522095,1.1229528188705444,700,True,9.259223588742316e-05,0.00014704819477628917,0.4605812430381775,0.04119640588760376,3.4642488149999053
7,1.4856815338134766,1.4855622053146362,1.2559096813201904,23.097614288330078,0.00042431545443832874,0.20499998331069946,0.6997684836387634,1.1178100109100342,700,True,7.62992276577279e-05,0.00010621627006912604,0.46091872453689575,0.04119604825973511,3.525225825000007
8,1.4824025630950928,1.4822502136230469,1.2559864521026611,23.046119689941406,0.00042434141505509615,0.20499998331069946,0.6998704075813293,1.1150304079055786,700,True,7.522855594288558e-05,9.233254240825772e-05,0.46124476194381714,0.04119610786437988,3.444313690999934
9,1.4795291423797607,1.4793416261672974,1.255727767944336,23.000896453857422,0.0004242540162522346,0.20499998331069946,0.6999253630638123,1.1097050905227661,700,True,8.0684112617746e-05,8.45063041197136e-05,0.46155187487602234,0.041195690631866455,3.4109084000000394
10,1.4769680500030518,1.4767440557479858,1.2555066347122192,22.96051025390625,0.0004241792776156217,0.20499999821186066,0.6999183893203735,1.1022555828094482,700,True,7.584172271890566e-05,7.897048635641113e-05,0.46182942390441895,0.041194260120391846,3.4067285759999777
11,1.4745979309082031,1.4743372201919556,1.2551777362823486,22.92308807373047,0.00042406818829476833,0.20500001311302185,0.6998611688613892,1.0962520837783813,700,True,6.631359428865835e-05,7.57303205318749e-05,0.4620693027973175,0.04119175672531128,3.508763640999973
12,1.4723243713378906,1.4720274209976196,1.2547998428344727,22.887174606323242,0.0004239404806867242,0.20500001311302185,0.69977867603302,1.093420386314392,700,True,5.9167417930439115e-05,7.37407390261069e-05,0.4622687101364136,0.04118865728378296,3.4561819589999914
13,1.4700709581375122,1.4697390794754028,1.254616141319275,22.85159683227539,0.00042387843132019043,0.20499999821186066,0.6997002959251404,1.0926281213760376,700,True,5.458550731418654e-05,7.199321407824755e-05,0.4624238908290863,0.04118579626083374,3.4785475690000567
14,1.4677734375,1.467408537864685,1.254852294921875,22.81536102294922,0.00042395820491947234,0.20500001311302185,0.6996520757675171,1.0916423797607422,700,True,5.241506005404517e-05,7.020327757345513e-05,0.4625312089920044,0.04118376970291138,3.4594570289999638
15,1.4653986692428589,1.4650031328201294,1.2550486326217651,22.77796173095703,0.00042402453254908323,0.20500001311302185,0.6996474862098694,1.089061975479126,700,True,5.1077728130621836e-05,6.900183507241309e-05,0.4625783860683441,0.04118317365646362,3.629497657999991
16,1.4629377126693726,1.4625142812728882,1.255332589149475,22.73926544189453,0.0004241204878780991,0.20500002801418304,0.6996840238571167,1.0851341485977173,700,True,4.973878094460815e-05,6.827894685557112e-05,0.46254992485046387,0.04118376970291138,3.451405179999938
17,1.4604175090789795,1.459969162940979,1.255635142326355,22.69969367980957,0.00042422270053066313,0.20500001311302185,0.6997467279434204,1.0810739994049072,700,True,5.024562415201217e-05,6.80169541737996e-05,0.46242445707321167,0.04118490219116211,3.4104871780000394
18,1.457871675491333,1.4574013948440552,1.2560001611709595,22.65976905822754,0.0004243460134603083,0.20499998331069946,0.6998144388198853,1.0778861045837402,700,True,4.9660844524623826e-05,6.747715087840334e-05,0.4621867537498474,0.041185855865478516,3.3827069000000165
19,1.4553327560424805,1.4548437595367432,1.2564241886138916,22.62000274658203,0.0004244892916176468,0.20499995350837708,0.6998653411865234,1.0757372379302979,700,True,4.747153798234649e-05,6.633238081121817e-05,0.46183377504348755,0.04118627309799194,3.5386012080000455
20,1.452822208404541,1.4523173570632935,1.2568137645721436,22.58072280883789,0.0004246209282428026,0.20499996840953827,0.6998834609985352,1.0740537643432617,700,True,4.518909190664999e-05,6.50771107757464e-05,0.4613710045814514,0.04118555784225464,3.404614820000006
21,1.4503448009490967,1.4498268365859985,1.257155418395996,22.54199981689453,0.000424736354034394,0.20499998331069946,0.6998635530471802,1.0720607042312622,700,True,4.078233178006485e-05,6.423687591450289e-05,0.46081507205963135,0.041184067726135254,3.456942214000037
22,1.447892427444458,1.4473634958267212,1.2573603391647339,22.503698348999023,0.00042480556294322014,0.20499998331069946,0.6998118758201599,1.069224238395691,700,True,3.703776019392535e-05,6.38927158433944e-05,0.46018561720848083,0.04118168354034424,3.446689314999958
23,1.445450782775879,1.4449129104614258,1.2578641176223755,22.46559715270996,0.0004249757621437311,0.20499999821186066,0.699743926525116,1.0653302669525146,700,True,3.378950714250095e-05,6.376371311489493e-05,0.45958492159843445,0.04117918014526367,3.497544423000022
24,1.4429970979690552,1.4424517154693604,1.258298397064209,22.427330017089844,0.00042512250365689397,0.20499999821186066,0.6996810436248779,1.0602680444717407,700,True,3.0870640330249444e-05,6.338507228065282e-05,0.4590238332748413,0.04117709398269653,3.3708586599999535
25,1.4405022859573364,1.4399501085281372,1.258817195892334,22.38843536376953,0.0004252977669239044,0.20499998331069946,0.6996446251869202,1.0537632703781128,700,True,2.9220438591437414e-05,6.276000931393355e-05,0.4584352672100067,0.041176021099090576,3.4789440829999876
26,1.4379509687423706,1.4373924732208252,1.2592217922210693,22.348669052124023,0.0004254344676155597,0.20500001311302185,0.6996476650238037,1.0455931425094604,700,True,2.7053536541643552e-05,6.25537577434443e-05,0.45783668756484985,0.04117661714553833,3.4643668340000886
27,1.4353491067886353,1.434783935546875,1.2596893310546875,22.3081111907959,0.00042559244320727885,0.20500001311302185,0.6996896266937256,1.0361255407333374,700,True,2.5820263545028865e-05,6.270648736972362e-05,0.45724549889564514,0.04117894172668457,3.5676345059999903
28,1.4327324628829956,1.432159662246704,1.2600774765014648,22.267309188842773,0.00042572355596348643,0.20500002801418304,0.69975745677948,1.0262997150421143,700,True,2.5439310775254853e-05,6.305930583039299e-05,0.4566790759563446,0.04118269681930542,3.39868495799999
29,1.4301468133926392,1.4295650720596313,1.2607959508895874,22.22696876525879,0.00042596631101332605,0.20499998331069946,0.699830949306488,1.016837239265442,700,True,2.2053098291507922e-05,6.31454968242906e-05,0.45615026354789734,0.0411871075630188,3.400012879999963
30,1.4276233911514282,1.4270309209823608,1.2614656686782837,22.18756675720215,0.00042619259329512715,0.20499998331069946,0.6998905539512634,1.0077728033065796,700,True,1.9341450752108358e-05,6.299300730461255e-05,0.4561414122581482,0.04119151830673218,3.3999281010000004
31,1.425177812576294,1.424572229385376,1.2622069120407104,22.14933967590332,0.0004264430026523769,0.20500001311302185,0.699924886226654,0.9988706707954407,700,True,1.7222049791598693e-05,6.286220013862476e-05,0.4565112590789795,0.04119575023651123,3.519353602000024
32,1.42279052734375,1.4221690893173218,1.2628439664840698,22.111974716186523,0.00042665822547860444,0.20499999821186066,0.699934720993042,0.990297257900238,700,True,1.4318457033368759e-05,6.332554039545357e-05,0.4570011794567108,0.04119926691055298,3.459578410000063
33,1.420422911643982,1.4197824001312256,1.2634934186935425,22.074867248535156,0.0004268776683602482,0.20499998331069946,0.6999314427375793,0.982540488243103,700,True,1.4342504982778337e-05,6.412585935322568e-05,0.45745232701301575,0.041202545166015625,3.486540145000049
34,1.418026328086853,1.4173632860183716,1.2641162872314453,22.037254333496094,0.00042708811815828085,0.20499998331069946,0.6999312043190002,0.9757982492446899,700,True,1.4107349670666736e-05,6.544683856191114e-05,0.4578770697116852,0.041205525398254395,3.471656034000034
35,1.415560245513916,1.4148706197738647,1.2648762464523315,21.998497009277344,0.00042734487215057015,0.20499998331069946,0.6999469995498657,0.9697498679161072,700,True,1.5779532986925915e-05,6.70877197990194e-05,0.4582814574241638,0.04120880365371704,3.6497299259999636
36,1.4130083322525024,1.4122880697250366,1.265708565711975,21.958343505859375,0.00042762604425661266,0.20499996840953827,0.6999828219413757,0.9641321301460266,700,True,1.8414195437799208e-05,6.900119478814304e-05,0.4586636424064636,0.04121232032775879,3.531295089999958
37,1.4103896617889404,1.4096345901489258,1.26654851436615,21.91708755493164,0.00042790983570739627,0.20499999821186066,0.7000322341918945,0.9591999053955078,700,True,1.9841261746478267e-05,7.099891809048131e-05,0.45903462171554565,0.04121583700180054,3.4451305159999492
38,1.407731056213379,1.4069368839263916,1.267341136932373,21.87514305114746,0.00042817764915525913,0.20499998331069946,0.700082004070282,0.9554449915885925,700,True,2.1710326109314337e-05,7.241313869599253e-05,0.4594748318195343,0.041219234466552734,3.422948978000022
39,1.4050508737564087,1.4042131900787354,1.268327236175537,21.832796096801758,0.00042851080070249736,0.20499998331069946,0.7001181244850159,0.9530295729637146,700,True,2.384905565122608e-05,7.290223584277555e-05,0.4598568081855774,0.0412217378616333,3.5128339210000377
40,1.402347445487976,1.4014619588851929,1.2691714763641357,21.790019989013672,0.00042879601824097335,0.20500001311302185,0.700132429599762,0.9516312479972839,700,True,2.494622276572045e-05,7.312594243558124e-05,0.46018102765083313,0.04122316837310791,3.431671270000038
41,1.3996031284332275,1.3986653089523315,1.2701575756072998,21.746536254882812,0.00042912919889204204,0.20500001311302185,0.7001259326934814,0.9507423043251038,700,True,2.5171531888190657e-05,7.345087215071544e-05,0.46045172214508057,0.04122382402420044,3.425730630000089
42,1.3967928886413574,1.395797848701477,1.2712528705596924,21.701953887939453,0.00042949922499246895,0.20499999821186066,0.7001076936721802,0.950045108795166,700,True,2.487170604581479e-05,7.393093983409926e-05,0.46067512035369873,0.041223764419555664,3.47466873999997
0,1.650117039680481,1.650117039680481,1.2600668668746948,25.656124114990234,0.00042571997619234025,0.20499998331069946,0.699999988079071,1.1943999528884888,1200,False,0.015423433855175972,0.018886037170886993,0.4750935435295105,0.041026294231414795,4.985458086999984
1,1.6476513147354126,1.647648811340332,1.260626196861267,25.617748260498047,0.0004259089473634958,0.20500001311302185,0.7005320191383362,1.166357398033142,1200,False,0.019108356907963753,0.00942856352776289,0.4643496870994568,0.041328251361846924,4.929673982000054
2,1.4774236679077148,1.477413535118103,1.2595973014831543,22.970918655395508,0.00042556136031635106,0.20500001311302185,0.7002981901168823,1.1558321714401245,1200,False,0.0006444972241297364,0.003916273359209299,0.46086081862449646,0.04119527339935303,4.899023995999983
3,1.5056138038635254,1.5055909156799316,1.2585152387619019,23.40902328491211,0.00042519575799815357,0.20499998331069946,0.6999736428260803,1.1419131755828857,1200,False,0.0007405689102597535,0.0016906270757317543,0.46107321977615356,0.041214823722839355,5.140782990999924
4,1.4979244470596313,1.4978840351104736,1.25718092918396,23.289196014404297,0.00042474493966437876,0.20500001311302185,0.6997140049934387,1.1389814615249634,1200,False,0.0003261980600655079,0.000666002684738487,0.46034136414527893,0.0412067174911499,5.02447073899998
5,1.4927164316177368,1.492653727531433,1.256816029548645,23.207874298095703,0.0004246216849423945,0.20499998331069946,0.699622392654419,1.1325722932815552,1100,True,1.2574349966598675e-05,0.000244969705818221,0.4603842496871948,0.04119831323623657,4.715414314999975
6,1.489221215248108,1.4891319274902344,1.2562596797943115,23.153118133544922,0.00042443370330147445,0.20499998331069946,0.6996647119522095,1.1229528188705444,700,True,9.259223588742316e-05,0.00014704819477628917,0.4605812430381775,0.04119640588760376,3.4763616349999893
7,1.4856815338134766,1.4855622053146362,1.2559096813201904,23.097614288330078,0.00042431545443832874,0.20499998331069946,0.6997684836387634,1.1178100109100342,700,True,7.62992276577279e-05,0.00010621627006912604,0.46091872453689575,0.04119604825973511,3.626187023000057
8,1.4824025630950928,1.4822502136230469,1.2559864521026611,23.046119689941406,0.00042434141505509615,0.20499998331069946,0.6998704075813293,1.1150304079055786,700,True,7.522855594288558e-05,9.233254240825772e-05,0.46124476194381714,0.04119610786437988,3.4589458969999214
9,1.4795291423797607,1.4793416261672974,1.255727767944336,23.000896453857422,0.0004242540162522346,0.20499998331069946,0.6999253630638123,1.1097050905227661,700,True,8.0684112617746e-05,8.45063041197136e-05,0.46155187487602234,0.041195690631866455,3.4125803610000958
10,1.4769680500030518,1.4767440557479858,1.2555066347122192,22.96051025390625,0.0004241792776156217,0.20499999821186066,0.6999183893203735,1.1022555828094482,700,True,7.584172271890566e-05,7.897048635641113e-05,0.46182942390441895,0.041194260120391846,3.4487983800000848
11,1.4745979309082031,1.4743372201919556,1.2551777362823486,22.92308807373047,0.00042406818829476833,0.20500001311302185,0.6998611688613892,1.0962520837783813,700,True,6.631359428865835e-05,7.57303205318749e-05,0.4620693027973175,0.04119175672531128,3.53945472099997
12,1.4723243713378906,1.4720274209976196,1.2547998428344727,22.887174606323242,0.0004239404806867242,0.20500001311302185,0.69977867603302,1.093420386314392,700,True,5.9167417930439115e-05,7.37407390261069e-05,0.4622687101364136,0.04118865728378296,3.3967766150000216
13,1.4700709581375122,1.4697390794754028,1.254616141319275,22.85159683227539,0.00042387843132019043,0.20499999821186066,0.6997002959251404,1.0926281213760376,700,True,5.458550731418654e-05,7.199321407824755e-05,0.4624238908290863,0.04118579626083374,3.409033695000062
14,1.4677734375,1.467408537864685,1.254852294921875,22.81536102294922,0.00042395820491947234,0.20500001311302185,0.6996520757675171,1.0916423797607422,700,True,5.241506005404517e-05,7.020327757345513e-05,0.4625312089920044,0.04118376970291138,3.4173663179999494
15,1.4653986692428589,1.4650031328201294,1.2550486326217651,22.77796173095703,0.00042402453254908323,0.20500001311302185,0.6996474862098694,1.089061975479126,700,True,5.1077728130621836e-05,6.900183507241309e-05,0.4625783860683441,0.04118317365646362,3.6425616719999425
16,1.4629377126693726,1.4625142812728882,1.255332589149475,22.73926544189453,0.0004241204878780991,0.20500002801418304,0.6996840238571167,1.0851341485977173,700,True,4.973878094460815e-05,6.827894685557112e-05,0.46254992485046387,0.04118376970291138,3.45253336199994
17,1.4604175090789795,1.459969162940979,1.255635142326355,22.69969367980957,0.00042422270053066313,0.20500001311302185,0.6997467279434204,1.0810739994049072,700,True,5.024562415201217e-05,6.80169541737996e-05,0.46242445707321167,0.04118490219116211,3.479466384000034
18,1.457871675491333,1.4574013948440552,1.2560001611709595,22.65976905822754,0.0004243460134603083,0.20499998331069946,0.6998144388198853,1.0778861045837402,700,True,4.9660844524623826e-05,6.747715087840334e-05,0.4621867537498474,0.041185855865478516,3.548992644000009
19,1.4553327560424805,1.4548437595367432,1.2564241886138916,22.62000274658203,0.0004244892916176468,0.20499995350837708,0.6998653411865234,1.0757372379302979,700,True,4.747153798234649e-05,6.633238081121817e-05,0.46183377504348755,0.04118627309799194,3.5737547170000425
20,1.452822208404541,1.4523173570632935,1.2568137645721436,22.58072280883789,0.0004246209282428026,0.20499996840953827,0.6998834609985352,1.0740537643432617,700,True,4.518909190664999e-05,6.50771107757464e-05,0.4613710045814514,0.04118555784225464,3.492611068999963
21,1.4503448009490967,1.4498268365859985,1.257155418395996,22.54199981689453,0.000424736354034394,0.20499998331069946,0.6998635530471802,1.0720607042312622,700,True,4.078233178006485e-05,6.423687591450289e-05,0.46081507205963135,0.041184067726135254,3.5161019219999616
22,1.447892427444458,1.4473634958267212,1.2573603391647339,22.503698348999023,0.00042480556294322014,0.20499998331069946,0.6998118758201599,1.069224238395691,700,True,3.703776019392535e-05,6.38927158433944e-05,0.46018561720848083,0.04118168354034424,3.5045059300000503
23,1.445450782775879,1.4449129104614258,1.2578641176223755,22.46559715270996,0.0004249757621437311,0.20499999821186066,0.699743926525116,1.0653302669525146,700,True,3.378950714250095e-05,6.376371311489493e-05,0.45958492159843445,0.04117918014526367,3.627665255000011
24,1.4429970979690552,1.4424517154693604,1.258298397064209,22.427330017089844,0.00042512250365689397,0.20499999821186066,0.6996810436248779,1.0602680444717407,700,True,3.0870640330249444e-05,6.338507228065282e-05,0.4590238332748413,0.04117709398269653,3.4516902709999613
25,1.4405022859573364,1.4399501085281372,1.258817195892334,22.38843536376953,0.0004252977669239044,0.20499998331069946,0.6996446251869202,1.0537632703781128,700,True,2.9220438591437414e-05,6.276000931393355e-05,0.4584352672100067,0.041176021099090576,3.4185315150000406
26,1.4379509687423706,1.4373924732208252,1.2592217922210693,22.348669052124023,0.0004254344676155597,0.20500001311302185,0.6996476650238037,1.0455931425094604,700,True,2.7053536541643552e-05,6.25537577434443e-05,0.45783668756484985,0.04117661714553833,3.4041968610000595
27,1.4353491067886353,1.434783935546875,1.2596893310546875,22.3081111907959,0.00042559244320727885,0.20500001311302185,0.6996896266937256,1.0361255407333374,700,True,2.5820263545028865e-05,6.270648736972362e-05,0.45724549889564514,0.04117894172668457,3.5721757730000263
28,1.4327324628829956,1.432159662246704,1.2600774765014648,22.267309188842773,0.00042572355596348643,0.20500002801418304,0.69975745677948,1.0262997150421143,700,True,2.5439310775254853e-05,6.305930583039299e-05,0.4566790759563446,0.04118269681930542,3.4844628440000633
29,1.4301468133926392,1.4295650720596313,1.2607959508895874,22.22696876525879,0.00042596631101332605,0.20499998331069946,0.699830949306488,1.016837239265442,700,True,2.2053098291507922e-05,6.31454968242906e-05,0.45615026354789734,0.0411871075630188,3.496657271999993
30,1.4276233911514282,1.4270309209823608,1.2614656686782837,22.18756675720215,0.00042619259329512715,0.20499998331069946,0.6998905539512634,1.0077728033065796,700,True,1.9341450752108358e-05,6.299300730461255e-05,0.4561414122581482,0.04119151830673218,3.465739204999977
31,1.425177812576294,1.424572229385376,1.2622069120407104,22.14933967590332,0.0004264430026523769,0.20500001311302185,0.699924886226654,0.9988706707954407,700,True,1.7222049791598693e-05,6.286220013862476e-05,0.4565112590789795,0.04119575023651123,3.5423059350000585
32,1.42279052734375,1.4221690893173218,1.2628439664840698,22.111974716186523,0.00042665822547860444,0.20499999821186066,0.699934720993042,0.990297257900238,700,True,1.4318457033368759e-05,6.332554039545357e-05,0.4570011794567108,0.04119926691055298,3.4525590519999696
33,1.420422911643982,1.4197824001312256,1.2634934186935425,22.074867248535156,0.0004268776683602482,0.20499998331069946,0.6999314427375793,0.982540488243103,700,True,1.4342504982778337e-05,6.412585935322568e-05,0.45745232701301575,0.041202545166015625,3.469250085999988
34,1.418026328086853,1.4173632860183716,1.2641162872314453,22.037254333496094,0.00042708811815828085,0.20499998331069946,0.6999312043190002,0.9757982492446899,700,True,1.4107349670666736e-05,6.544683856191114e-05,0.4578770697116852,0.041205525398254395,3.429292092999958
35,1.415560245513916,1.4148706197738647,1.2648762464523315,21.998497009277344,0.00042734487215057015,0.20499998331069946,0.6999469995498657,0.9697498679161072,700,True,1.5779532986925915e-05,6.70877197990194e-05,0.4582814574241638,0.04120880365371704,3.550768519000144
36,1.4130083322525024,1.4122880697250366,1.265708565711975,21.958343505859375,0.00042762604425661266,0.20499996840953827,0.6999828219413757,0.9641321301460266,700,True,1.8414195437799208e-05,6.900119478814304e-05,0.4586636424064636,0.04121232032775879,3.515321993000043
37,1.4103896617889404,1.4096345901489258,1.26654851436615,21.91708755493164,0.00042790983570739627,0.20499999821186066,0.7000322341918945,0.9591999053955078,700,True,1.9841261746478267e-05,7.099891809048131e-05,0.45903462171554565,0.04121583700180054,3.4678701020000062
38,1.407731056213379,1.4069368839263916,1.267341136932373,21.87514305114746,0.00042817764915525913,0.20499998331069946,0.700082004070282,0.9554449915885925,700,True,2.1710326109314337e-05,7.241313869599253e-05,0.4594748318195343,0.041219234466552734,3.450782168999922
39,1.4050508737564087,1.4042131900787354,1.268327236175537,21.832796096801758,0.00042851080070249736,0.20499998331069946,0.7001181244850159,0.9530295729637146,700,True,2.384905565122608e-05,7.290223584277555e-05,0.4598568081855774,0.0412217378616333,3.5880786909999642
40,1.402347445487976,1.4014619588851929,1.2691714763641357,21.790019989013672,0.00042879601824097335,0.20500001311302185,0.700132429599762,0.9516312479972839,700,True,2.494622276572045e-05,7.312594243558124e-05,0.46018102765083313,0.04122316837310791,3.4985020449998956
41,1.3996031284332275,1.3986653089523315,1.2701575756072998,21.746536254882812,0.00042912919889204204,0.20500001311302185,0.7001259326934814,0.9507423043251038,700,True,2.5171531888190657e-05,7.345087215071544e-05,0.46045172214508057,0.04122382402420044,3.454293835000044
42,1.3967928886413574,1.395797848701477,1.2712528705596924,21.701953887939453,0.00042949922499246895,0.20499999821186066,0.7001076936721802,0.950045108795166,700,True,2.487170604581479e-05,7.393093983409926e-05,0.46067512035369873,0.041223764419555664,3.4453923169999143
43,1.3938941955566406,1.3928371667861938,1.272283673286438,21.655920028686523,0.0004298475105315447,0.20499998331069946,0.7000905275344849,0.9495682120323181,700,True,2.6774116122396663e-05,7.503600500058383e-05,0.46085357666015625,0.04122340679168701,3.569747389999975
44,1.390889048576355,1.3897649049758911,1.2735692262649536,21.608152389526367,0.0004302818269934505,0.20500001311302185,0.7000851631164551,0.9496132135391235,700,True,2.74512312898878e-05,7.644433935638517e-05,0.46098509430885315,0.041223108768463135,3.483734750999929
45,1.3877625465393066,1.386566162109375,1.2747939825057983,21.55841827392578,0.00043069562525488436,0.20499999821186066,0.700094997882843,0.9504730701446533,700,True,2.9726381399086677e-05,7.787805225234479e-05,0.46106716990470886,0.04122287034988403,3.5055930920000264
46,1.3845165967941284,1.3832427263259888,1.276124358177185,21.506746292114258,0.00043114510481245816,0.20500001311302185,0.7001152038574219,0.9520050287246704,700,True,3.1837560527492315e-05,7.919200288597494e-05,0.461102694272995,0.04122281074523926,3.443398352000031
47,1.3811635971069336,1.379806637763977,1.2775450944900513,21.45332145690918,0.0004316250851843506,0.20499998331069946,0.7001352310180664,0.9533410668373108,700,True,3.129454125883058e-05,7.990610174601898e-05,0.4610970616340637,0.04122269153594971,3.572729318000029
48,1.3777353763580322,1.37628972530365,1.278918743133545,21.398639678955078,0.0004320891748648137,0.20500001311302185,0.70014488697052,0.9533244967460632,700,True,3.182019281666726e-05,8.01119749667123e-05,0.46105989813804626,0.04122251272201538,3.413285225999971
49,1.374261736869812,1.372721791267395,1.2804789543151855,21.343164443969727,0.0004326163325458765,0.20500001311302185,0.700139045715332,0.9515571594238281,700,True,3.020495205419138e-05,8.023603731999174e-05,0.46100249886512756,0.04122239351272583,3.440775217999999
50,1.3707560300827026,1.369116187095642,1.2821255922317505,21.287105560302734,0.00043317265226505697,0.20500001311302185,0.7001203894615173,0.9490882754325867,700,True,2.8671656764345244e-05,8.04404480732046e-05,0.4609310030937195,0.04122239351272583,3.435584953999978
51,1.36719810962677,1.3654528856277466,1.2838730812072754,21.230148315429688,0.00043376305256970227,0.20499998331069946,0.700097382068634,0.9474549293518066,700,True,2.6861926016863436e-05,8.093639917206019e-05,0.46084868907928467,0.04122275114059448,3.547942472999921
52,1.3635393381118774,1.3616832494735718,1.2856522798538208,21.171537399291992,0.00043436416308395565,0.20499998331069946,0.7000797986984253,0.9468700289726257,700,True,2.4593984562670812e-05,8.171044464688748e-05,0.46075597405433655,0.04122364521026611,3.4887408290001076
53,1.3597527742385864,1.3577805757522583,1.2874085903167725,21.110858917236328,0.00043495753197930753,0.20499998331069946,0.7000743746757507,0.9464708566665649,700,True,2.3580518245580606e-05,8.293676364701241e-05,0.4606572091579437,0.041225433349609375,3.5196487549999347
54,1.3558292388916016,1.3537355661392212,1.2892485857009888,21.04796600341797,0.00043557918979786336,0.20500001311302185,0.7000830173492432,0.9465399384498596,700,True,2.0660620066337287e-05,8.439253724645823e-05,0.4605760872364044,0.041228294372558594,3.4634022179998283
55,1.3517614603042603,1.3495408296585083,1.2913941144943237,20.982746124267578,0.0004363040497992188,0.20499998331069946,0.7001026272773743,0.9489333629608154,700,True,1.745251393003855e-05,8.567603799747303e-05,0.46056410670280457,0.04123193025588989,3.521432408999999
56,1.3474982976913452,1.3451452255249023,1.2933199405670166,20.914403915405273,0.0004369546950329095,0.20499998331069946,0.7001268863677979,0.954890251159668,700,True,1.4682458640891127e-05,8.676372090121731e-05,0.4605644643306732,0.04123640060424805,3.420547969999916
57,1.3429807424545288,1.3404890298843384,1.2955713272094727,20.842008590698242,0.0004377153527457267,0.20499999821186066,0.7001490592956543,0.963350236415863,700,True,9.425743883184623e-06,8.76499034347944e-05,0.460584431886673,0.04124152660369873,3.4142399179997938
58,1.3381714820861816,1.3355340957641602,1.297655701637268,20.764968872070312,0.0004384195781312883,0.20500001311302185,0.7001646757125854,0.9718301296234131,700,True,3.674060053526773e-06,8.913144120015204e-05,0.4606325328350067,0.04124712944030762,3.5164342919999854
59,1.3330745697021484,1.3302839994430542,1.2997522354125977,20.683340072631836,0.0004391278780531138,0.20500001311302185,0.7001729011535645,0.9783198237419128,700,True,8.299243177134485e-07,9.146220691036433e-05,0.4607143700122833,0.041253864765167236,3.6696111210001163
60,1.3277181386947632,1.324765920639038,1.3020153045654297,20.597543716430664,0.0004398924938868731,0.20499998331069946,0.7001754641532898,0.9822213649749756,700,True,4.1668909034342505e-06,9.460004366701469e-05,0.4613613486289978,0.04126179218292236,3.5269918730000427
61,1.3221443891525269,1.3190221786499023,1.3044086694717407,20.50823974609375,0.00044070108560845256,0.20500001311302185,0.7001739144325256,0.9831876754760742,700,True,7.812048352207057e-06,9.83582649496384e-05,0.4622710347175598,0.04127103090286255,3.440411714999982
62,1.316428542137146,1.3131277561187744,1.3067911863327026,20.416593551635742,0.0004415060393512249,0.20499999821186066,0.7001676559448242,0.9793593287467957,700,True,9.71545887296088e-06,0.00010223386198049411,0.4631826877593994,0.041281700134277344,3.558434997999939
63,1.3107032775878906,1.307215929031372,1.309502363204956,20.324676513671875,0.0004424220242071897,0.20499998331069946,0.7001545429229736,0.9700145125389099,800,True,3.772514537558891e-05,2.7847867386299185e-05,0.46407440304756165,0.04129326343536377,3.7266372779999983
64,1.3051007986068726,1.3014202117919922,1.3121403455734253,20.23456382751465,0.00044331327080726624,0.20500002801418304,0.7001324892044067,0.9586057662963867,800,True,3.214338721591048e-05,2.8721280614263378e-05,0.464919775724411,0.041306495666503906,3.7499794849998125
65,1.2996771335601807,1.2957979440689087,1.3147727251052856,20.14714813232422,0.0004442026256583631,0.20499999821186066,0.7001005411148071,0.9491478204727173,800,True,3.247215136070736e-05,2.8784788810298778e-05,0.465729683637619,0.04131990671157837,3.7645618199999262
66,1.2944164276123047,1.2903348207473755,1.3173648118972778,20.06220817565918,0.0004450783890206367,0.20500001311302185,0.7000594735145569,0.943028450012207,800,True,3.346531593706459e-05,2.879395105992444e-05,0.4665217101573944,0.041332900524139404,3.8003946359999645
67,1.2892296314239502,1.2849425077438354,1.3201032876968384,19.97836685180664,0.00044600359979085624,0.20500001311302185,0.7000146508216858,0.9414097666740417,800,True,3.274652408435941e-05,2.826322815963067e-05,0.46719855070114136,0.04134476184844971,3.8365501200000836
68,1.2839598655700684,1.2794642448425293,1.322982668876648,19.893190383911133,0.00044697639532387257,0.20500001311302185,0.6999762058258057,0.9458520412445068,700,True,6.231942279555369e-06,0.0001014549343381077,0.4677661657333374,0.04135626554489136,3.421282006000183
69,1.2784366607666016,1.273728609085083,1.3255910873413086,19.804012298583984,0.0004478576884139329,0.20500001311302185,0.6999559998512268,0.9556750059127808,700,True,1.02085550679476e-05,0.00010090647992910817,0.4682410955429077,0.04136645793914795,3.4246928879999814
70,1.2724826335906982,1.2675561904907227,1.3283511400222778,19.708044052124023,0.00044879017514176667,0.20500002801418304,0.6999614238739014,0.9653187394142151,700,True,8.516301932104398e-06,0.00010363041656091809,0.46865203976631165,0.04137700796127319,3.637254455999937
71,1.2661164999008179,1.2609634399414062,1.331257939338684,19.605539321899414,0.0004497722547966987,0.20500001311302185,0.6999909281730652,0.9675333499908447,800,True,4.2222014599246904e-05,2.7739148208638653e-05,0.46902018785476685,0.04138857126235962,3.781861254000205
72,1.2595195770263672,1.2541308403015137,1.33412766456604,19.499305725097656,0.00045074179070070386,0.20499999821186066,0.7000340223312378,0.9615328311920166,800,True,3.462694076006301e-05,2.877775659726467e-05,0.4693583548069,0.04140329360961914,3.7245825850000074
73,1.2528793811798096,1.2472455501556396,1.337020754814148,19.39225196838379,0.00045171924284659326,0.20500002801418304,0.7000734806060791,0.9516189098358154,800,True,3.8260597648331895e-05,3.0316898119053803e-05,0.46966078877449036,0.041419923305511475,3.7273290460000226
74,1.2463512420654297,1.2404638528823853,1.3399714231491089,19.28680992126465,0.00045271613635122776,0.20500001311302185,0.7000902891159058,0.9397892951965332,800,True,3.8865258829900995e-05,3.1714782380731776e-05,0.4699142277240753,0.041437506675720215,3.8352211740000257
75,1.2400645017623901,1.2339162826538086,1.3430137634277344,19.185009002685547,0.0004537439963314682,0.20500001311302185,0.7000710964202881,0.9275557398796082,800,True,4.016509046778083e-05,3.214122261852026e-05,0.4701023995876312,0.041454434394836426,3.7796743360001983
76,1.234053373336792,1.227638602256775,1.3463764190673828,19.08740234375,0.00045488012256100774,0.20500001311302185,0.7000153660774231,0.9193738698959351,800,True,4.087015986442566e-05,3.130428012809716e-05,0.47021275758743286,0.0414695143699646,3.776783524999928
77,1.228175401687622,1.2214891910552979,1.3491170406341553,18.991790771484375,0.00045580603182315826,0.20499996840953827,0.6999368667602539,0.9204102158546448,800,True,4.087515117134899e-05,3.0548821086995304e-05,0.4716052711009979,0.04148244857788086,3.7788435389998085
78,1.2221523523330688,1.2151890993118286,1.3523505926132202,18.893836975097656,0.0004568985023070127,0.20499999821186066,0.6998604536056519,0.9295995831489563,800,True,3.9774713513907045e-05,2.9799108233419247e-05,0.4738720655441284,0.041494131088256836,3.9443748800001686
79,1.2157659530639648,1.2085180282592773,1.3553285598754883,18.790115356445312,0.00045790462172590196,0.20499998331069946,0.6998133659362793,0.9396774768829346,800,True,3.8573100027861074e-05,2.9755814466625452e-05,0.47606775164604187,0.04150646924972534,3.7700115089999144
80,1.2089661359786987,1.2014237642288208,1.3585511445999146,18.679813385009766,0.00045899339602328837,0.20499999821186066,0.6998122930526733,0.9454699754714966,800,True,3.7881862226640806e-05,3.0213494028430432e-05,0.47819647192955017,0.04152113199234009,3.797882789000141
81,1.2018464803695679,1.1939983367919922,1.3622958660125732,18.564361572265625,0.00046025856863707304,0.20499999821186066,0.699851393699646,0.944892168045044,800,True,3.924756310880184e-05,3.2023457606555894e-05,0.4802405834197998,0.04153871536254883,3.7919557150000855
82,1.1946319341659546,1.1864665746688843,1.3652033805847168,18.44725799560547,0.00046124091022647917,0.20500001311302185,0.6999032497406006,0.9376653432846069,800,True,4.0944181819213554e-05,3.344080687384121e-05,0.48216888308525085,0.04155784845352173,3.959719393999876
83,1.1875839233398438,1.1790906190872192,1.36872398853302,18.33257484436035,0.0004624303546734154,0.20499998331069946,0.699931800365448,0.9269531965255737,800,True,4.317704224376939e-05,3.3980217267526314e-05,0.48395299911499023,0.041576921939849854,3.8230623640001795
84,1.1808526515960693,1.1720223426818848,1.3720552921295166,18.22267723083496,0.00046355582890100777,0.20500001311302185,0.699908971786499,0.9167356491088867,800,True,4.490292485570535e-05,3.3517957490403205e-05,0.48558565974235535,0.04159390926361084,3.7838352419998955
85,1.1744134426116943,1.1652384996414185,1.3758742809295654,18.117202758789062,0.0004648461181204766,0.20500001311302185,0.6998299360275269,0.9101494550704956,800,True,4.653299038182013e-05,3.31470619130414e-05,0.4870802164077759,0.04160851240158081,3.7879340639999555
86,1.1681015491485596,1.1585749387741089,1.3793801069259644,18.013595581054688,0.00046603058581240475,0.20499999821186066,0.6997168064117432,0.9109614491462708,800,True,4.8918347602011636e-05,3.339915201650001e-05,0.48845985531806946,0.04162180423736572,3.9063326560001315
87,1.1616499423980713,1.151764154434204,1.3833532333374023,17.90770149230957,0.0004673729126807302,0.20499998331069946,0.6996116638183594,0.9207074642181396,800,True,4.910112329525873e-05,3.385668605915271e-05,0.49038973450660706,0.04163593053817749,3.699360985999874
88,1.1548380851745605,1.144583821296692,1.3871663808822632,17.796062469482422,0.00046866119373589754,0.20500001311302185,0.6995534896850586,0.9322866201400757,800,True,4.801571776624769e-05,3.495706550893374e-05,0.4922252595424652,0.0416523814201355,3.703855631999886
89,1.1476744413375854,1.1370412111282349,1.3910484313964844,17.678789138793945,0.0004699727869592607,0.20500002801418304,0.6995543241500854,0.936927080154419,900,True,5.71806504012784e-06,2.2812340830569156e-05,0.4938826560974121,0.0416719913482666,4.047635317000186
90,1.1404175758361816,1.1293948888778687,1.3948858976364136,17.559904098510742,0.0004712692752946168,0.20499999821186066,0.6995940208435059,0.9342421889305115,900,True,7.060223197186133e-06,2.3390803107758984e-05,0.4953204095363617,0.04169297218322754,4.188267557000017
91,1.133278250694275,1.121856689453125,1.3984973430633545,17.442699432373047,0.0004724894242826849,0.20500001311302185,0.6996349096298218,0.9263496994972229,900,True,6.88897034706315e-06,2.3069425878929906e-05,0.49651196599006653,0.041713178157806396,4.034003245999884
92,1.1264573335647583,1.1146295070648193,1.4027626514434814,17.33032989501953,0.00047393047134391963,0.20500001311302185,0.699642539024353,0.9138885140419006,800,True,4.3142714275745675e-05,3.5370103432796896e-05,0.49746882915496826,0.041731953620910645,3.7174958220000462
93,1.11996591091156,1.107726812362671,1.4067915678024292,17.223007202148438,0.00047529165749438107,0.20499999821186066,0.699605405330658,0.9038491249084473,800,True,5.592548041022383e-05,3.555773582775146e-05,0.4982197880744934,0.041749536991119385,3.714522386999988
94,1.1136231422424316,1.100969672203064,1.4109832048416138,17.11794662475586,0.0004767078207805753,0.20499998331069946,0.699539303779602,0.9060543775558472,800,True,5.816301199956797e-05,3.6617726436816156e-05,0.4987785816192627,0.04176706075668335,3.966413009000007
95,1.107069969177246,1.093998908996582,1.4150632619857788,17.009563446044922,0.000478086294606328,0.20499999821186066,0.6994773149490356,0.9190663695335388,900,True,7.400752565445146e-06,2.3585340386489406e-05,0.49912652373313904,0.041785359382629395,4.05256341900008
96,1.1001808643341064,1.0866873264312744,1.41899836063385,16.895883560180664,0.0004794158157892525,0.20499996840953827,0.6994513273239136,0.9324724078178406,900,True,6.0959200709476136e-06,2.4082248273771256e-05,0.49923038482666016,0.041805386543273926,4.0705636550001145
97,1.0929895639419556,1.079067349433899,1.4234775304794312,16.777406692504883,0.00048092909855768085,0.20499998331069946,0.6994701623916626,0.9399277567863464,900,True,6.138979188108351e-06,2.4059341740212403e-05,0.49905678629875183,0.04182654619216919,4.000998078000066
98,1.0857195854187012,1.0713623762130737,1.4278141260147095,16.657609939575195,0.00048239424359053373,0.20499998331069946,0.6995128989219666,0.938560426235199,900,True,6.641141226282343e-06,2.4108789148158394e-05,0.5016819834709167,0.04184746742248535,4.128316711000025
99,1.07865571975708,1.063857913017273,1.432130217552185,16.540929794311523,0.0004838524619117379,0.20500001311302185,0.6995448470115662,0.9257886409759521,800,True,5.3042655054014176e-05,3.692842074087821e-05,0.5046378374099731,0.04186755418777466,3.762737351000169
100,1.0720125436782837,1.0567706823349,1.4364333152770996,16.430736541748047,0.00048530628555454314,0.20500001311302185,0.6995457410812378,0.9102030396461487,800,True,6.558684981428087e-05,3.7102450733073056e-05,0.5074177980422974,0.04188680648803711,3.7617223480001485
101,1.0657215118408203,1.0500341653823853,1.440802812576294,16.325998306274414,0.0004867825482506305,0.20500002801418304,0.6995216608047485,0.9080615639686584,900,True,1.0981771993101574e-05,2.4198276150855236e-05,0.5100314021110535,0.04190641641616821,4.034069835999844
102,1.0594642162322998,1.0433292388916016,1.4452719688415527,16.22174835205078,0.0004882924840785563,0.20499999821186066,0.6994955539703369,0.9215900897979736,900,True,9.053557732841e-06,2.4723449314478785e-05,0.5124914646148682,0.041926681995391846,4.179613063000033
103,1.0530078411102295,1.0364203453063965,1.4496495723724365,16.114328384399414,0.0004897714825347066,0.20499999821186066,0.6994897127151489,0.9377314448356628,900,True,7.693572115385905e-06,2.498388130334206e-05,0.5148029327392578,0.04194784164428711,4.045581129999846
104,1.0463958978652954,1.0293484926223755,1.4537837505340576,16.004375457763672,0.0004911682335659862,0.20499999821186066,0.6995096802711487,0.949211061000824,900,True,5.958779638604028e-06,2.509330261091236e-05,0.5169627666473389,0.0419691801071167,4.0964783520000765
105,1.0397300720214844,1.0222142934799194,1.4576356410980225,15.893451690673828,0.0004924695822410285,0.20499998331069946,0.699537992477417,0.9539876580238342,900,True,6.5403933149355e-06,2.4729291908442974e-05,0.5189719796180725,0.04198998212814331,4.102781789000119
106,1.0331941843032837,1.0152016878128052,1.4619011878967285,15.784420013427734,0.0004939107457175851,0.20500001311302185,0.6995441913604736,0.9457463026046753,900,True,5.6188787311839405e-06,2.4529606889700517e-05,0.520851194858551,0.042009949684143066,4.125956701000177
107,1.027050256729126,1.008575201034546,1.4661551713943481,15.681390762329102,0.0004953479510731995,0.20499998331069946,0.6995061635971069,0.926272988319397,900,True,5.716615305573214e-06,2.4902150471461937e-05,0.5226374268531799,0.04202955961227417,3.9897041450001325
108,1.0213738679885864,1.0024139881134033,1.4699151515960693,15.585597038269043,0.000496618275064975,0.20499999821186066,0.6994230151176453,0.9113051891326904,900,True,3.7325185076042544e-06,2.5574001483619213e-05,0.5243678092956543,0.042049407958984375,3.9850904420000006
109,1.0159188508987427,0.996475100517273,1.4739577770233154,15.493257522583008,0.0004979841178283095,0.20500001311302185,0.6993097066879272,0.9125490188598633,900,True,4.739632913697278e-06,2.635262171679642e-05,0.5261558890342712,0.042069852352142334,4.109361013999887
110,1.010369062423706,0.9904426336288452,1.4777402877807617,15.39946460723877,0.0004992620670236647,0.20500001311302185,0.6991884708404541,0.92402184009552,900,True,6.316720373433782e-06,2.6808918846654706e-05,0.5279549360275269,0.04209059476852417,4.3139994199998455
111,1.0046335458755493,0.9842243790626526,1.4817676544189453,15.302783012390137,0.0005006227293051779,0.20499999821186066,0.6990824937820435,0.9324424266815186,900,True,8.288546268886421e-06,2.6153818907914683e-05,0.529682993888855,0.04211127758026123,4.097517863999883
112,0.9988530874252319,0.9779602885246277,1.485106348991394,15.205388069152832,0.00050175073556602,0.20499999821186066,0.6990100145339966,0.9294277429580688,900,True,1.0975828445225488e-05,2.5540119167999364e-05,0.5313299894332886,0.042131781578063965,3.9921423700000105
113,0.9932613968849182,0.9718843698501587,1.4889113903045654,15.110919952392578,0.0005030362517572939,0.20499995350837708,0.6989835500717163,0.9128096103668213,900,True,1.0160889360122383e-05,2.4810677132336423e-05,0.5328775644302368,0.0421522855758667,3.9800433650000286
114,0.9880670309066772,0.9662067294120789,1.4919947385787964,15.022643089294434,0.0005040779942646623,0.20500001311302185,0.6990115642547607,0.8882264494895935,800,True,6.481471791630611e-05,3.9922280848259106e-05,0.5343075394630432,0.04217404127120972,3.914692817000059
115,0.9833008646965027,0.9609603881835938,1.4948376417160034,14.941072463989258,0.0005050384788773954,0.20499998331069946,0.6990948915481567,0.8673094511032104,800,True,7.627411832800135e-05,3.934704000130296e-05,0.5356066823005676,0.04219740629196167,3.711265537999907
116,0.9788036942481995,0.955987274646759,1.4977692365646362,14.863750457763672,0.000506028940435499,0.20499999821186066,0.699216365814209,0.860856294631958,800,True,7.660644769202918e-05,3.926039789803326e-05,0.5367778539657593,0.04222160577774048,3.795210073000135
117,0.9742633700370789,0.9509742856025696,1.5002549886703491,14.785808563232422,0.0005068687605671585,0.20500001311302185,0.699337363243103,0.8719252347946167,800,True,7.797785656293854e-05,3.900974115822464e-05,0.5378363728523254,0.042245447635650635,3.7553800149999006
118,0.9694511294364929,0.9456894397735596,1.5029178857803345,14.703639030456543,0.000507768418174237,0.20499998331069946,0.6994133591651917,0.8944419026374817,800,True,8.224053453886881e-05,3.8605972804361954e-05,0.5388158559799194,0.04226714372634888,3.8968381329998465
119,0.9642497301101685,0.9400116205215454,1.505509853363037,14.615360260009766,0.0005086441524326801,0.20500001311302185,0.6994173526763916,0.9181270003318787,800,True,8.469510794384405e-05,3.897343049175106e-05,0.539745569229126,0.04228562116622925,3.723595327000112
120,0.9586657881736755,0.9339439272880554,1.5081658363342285,14.521018981933594,0.0005095414817333221,0.20500001311302185,0.6993533372879028,0.9324034452438354,800,True,8.833224273985252e-05,3.947196091758087e-05,0.5406365990638733,0.0423009991645813,3.8851025169999502
121,0.9528645873069763,0.9276503324508667,1.5109325647354126,14.423166275024414,0.0005104762385599315,0.20499999821186066,0.6992530226707458,0.9288817644119263,800,True,8.84028195287101e-05,3.9946360629983246e-05,0.5414714217185974,0.04231464862823486,3.7666392300000098
